prompt,seq_len,n_valid,seconds,max_jacobian_norm_over_sqrt_d,max_d_mean,sources
181,128,111,207.0,8.146,0.0217,plain:qwen_fit_drawA_n250_20260801.log
182,128,111,165.0,7.977,0.0214,plain:qwen_fit_drawA_n250_20260801.log
183,128,111,164.0,4.737,0.0129,plain:qwen_fit_drawA_n250_20260801.log
184,128,111,164.0,7.191,0.0195,plain:qwen_fit_drawA_n250_20260801.log
185,128,111,165.0,6.736,0.0173,plain:qwen_fit_drawA_n250_20260801.log
186,128,111,164.0,8.694,0.0239,plain:qwen_fit_drawA_n250_20260801.log
187,128,111,164.0,6.62,0.0173,plain:qwen_fit_drawA_n250_20260801.log
188,128,111,164.0,7.102,0.0185,plain:qwen_fit_drawA_n250_20260801.log
189,128,111,164.0,9.665,0.0274,plain:qwen_fit_drawA_n250_20260801.log
190,128,111,165.0,10.076,0.0262,plain:qwen_fit_drawA_n250_20260801.log
191,128,111,166.0,11.501,0.0298,plain:qwen_fit_drawA_n250_20260801.log
192,128,111,165.0,12.096,0.0316,plain:qwen_fit_drawA_n250_20260801.log
193,128,111,164.0,8.217,0.0211,plain:qwen_fit_drawA_n250_20260801.log
194,128,111,166.0,7.723,0.0199,plain:qwen_fit_drawA_n250_20260801.log
195,128,111,165.0,11.959,0.0307,plain:qwen_fit_drawA_n250_20260801.log
196,128,111,164.0,6.476,0.0164,plain:qwen_fit_drawA_n250_20260801.log
197,128,111,165.0,7.165,0.0182,plain:qwen_fit_drawA_n250_20260801.log
198,128,111,164.0,31.722,0.081,plain:qwen_fit_drawA_n250_20260801.log
199,128,111,164.0,5.552,0.0139,plain:qwen_fit_drawA_n250_20260801.log
200,128,111,165.0,4.219,0.0109,plain:qwen_fit_drawA_n250_20260801.log
201,128,111,164.0,18.147,0.0486,plain:qwen_fit_drawA_n250_20260801.log
202,128,111,164.0,4.537,0.0115,plain:qwen_fit_drawA_n250_20260801.log
203,128,111,164.0,13.023,0.0325,plain:qwen_fit_drawA_n250_20260801.log
204,128,111,164.0,6.217,0.015,plain:qwen_fit_drawA_n250_20260801.log
205,128,111,164.0,4.864,0.0121,plain:qwen_fit_drawA_n250_20260801.log
206,128,111,165.0,10.993,0.0296,plain:qwen_fit_drawA_n250_20260801.log
207,128,111,164.0,6.306,0.0154,plain:qwen_fit_drawA_n250_20260801.log
208,128,111,164.0,7.136,0.0185,plain:qwen_fit_drawA_n250_20260801.log
209,128,111,165.0,5.101,0.0125,plain:qwen_fit_drawA_n250_20260801.log
210,128,111,164.0,5.809,0.0141,plain:qwen_fit_drawA_n250_20260801.log
211,128,111,164.0,5.709,0.0138,plain:qwen_fit_drawA_n250_20260801.log
212,128,111,166.0,9.272,0.0221,plain:qwen_fit_drawA_n250_20260801.log
213,128,111,164.0,6.543,0.0156,plain:qwen_fit_drawA_n250_20260801.log
214,128,111,164.0,7.496,0.021,plain:qwen_fit_drawA_n250_20260801.log
215,128,111,166.0,7.498,0.0179,plain:qwen_fit_drawA_n250_20260801.log
216,128,111,164.0,11.243,0.0282,plain:qwen_fit_drawA_n250_20260801.log
217,128,111,164.0,9.645,0.0239,plain:qwen_fit_drawA_n250_20260801.log
218,128,111,165.0,5.362,0.0128,plain:qwen_fit_drawA_n250_20260801.log
219,128,111,164.0,8.299,0.0194,plain:qwen_fit_drawA_n250_20260801.log
220,128,111,164.0,7.744,0.0179,plain:qwen_fit_drawA_n250_20260801.log
221,128,111,166.0,7.246,0.0167,plain:qwen_fit_drawA_n250_20260801.log
222,128,111,165.0,14.748,0.0344,plain:qwen_fit_drawA_n250_20260801.log
223,128,111,164.0,7.301,0.017,plain:qwen_fit_drawA_n250_20260801.log
224,128,111,165.0,16.398,0.0382,plain:qwen_fit_drawA_n250_20260801.log
225,128,111,164.0,23.271,0.0536,plain:qwen_fit_drawA_n250_20260801.log
226,128,111,164.0,6.015,0.0136,plain:qwen_fit_drawA_n250_20260801.log
227,128,111,165.0,8.584,0.0196,plain:qwen_fit_drawA_n250_20260801.log
228,128,111,165.0,4.583,0.00983,plain:qwen_fit_drawA_n250_20260801.log
229,128,111,164.0,22.74,0.0518,plain:qwen_fit_drawA_n250_20260801.log
230,128,111,165.0,4.228,0.00938,plain:qwen_fit_drawA_n250_20260801.log
231,128,111,164.0,5.864,0.0129,plain:qwen_fit_drawA_n250_20260801.log
232,128,111,164.0,4.541,0.00987,plain:qwen_fit_drawA_n250_20260801.log
233,128,111,165.0,189.182,0.425,plain:qwen_fit_drawA_n250_20260801.log
234,128,111,164.0,16.604,0.0352,plain:qwen_fit_drawA_n250_20260801.log
235,128,111,164.0,5.003,0.0103,plain:qwen_fit_drawA_n250_20260801.log
236,128,111,165.0,13.028,0.0275,plain:qwen_fit_drawA_n250_20260801.log
237,128,111,165.0,3.296,0.00724,plain:qwen_fit_drawA_n250_20260801.log
238,128,111,164.0,5.513,0.0109,plain:qwen_fit_drawA_n250_20260801.log
239,128,111,164.0,5.77,0.0119,plain:qwen_fit_drawA_n250_20260801.log
240,128,111,164.0,7.992,0.0159,plain:qwen_fit_drawA_n250_20260801.log
241,128,111,164.0,5.528,0.0129,plain:qwen_fit_drawA_n250_20260801.log
242,128,111,164.0,6.487,0.0128,plain:qwen_fit_drawA_n250_20260801.log
243,128,111,164.0,9.829,0.0193,plain:qwen_fit_drawA_n250_20260801.log
244,128,111,164.0,9.736,0.0217,plain:qwen_fit_drawA_n250_20260801.log
245,128,111,165.0,7.069,0.0134,plain:qwen_fit_drawA_n250_20260801.log
246,128,111,165.0,5.293,0.0109,plain:qwen_fit_drawA_n250_20260801.log
247,128,111,164.0,7.644,0.0147,plain:qwen_fit_drawA_n250_20260801.log
248,128,111,166.0,51.201,0.104,plain:qwen_fit_drawA_n250_20260801.log
249,128,111,165.0,9.643,0.0185,plain:qwen_fit_drawA_n250_20260801.log
250,128,111,164.0,7.855,0.0153,plain:qwen_fit_drawA_n250_20260801.log
251,128,111,164.0,6.011,0.012,plain:qwen_continuation_draw_a_n500_20260801.log
252,128,111,164.0,29.334,0.0565,plain:qwen_continuation_draw_a_n500_20260801.log
253,128,111,164.0,5.098,0.00942,plain:qwen_continuation_draw_a_n500_20260801.log
254,128,111,164.0,7.646,0.0143,plain:qwen_continuation_draw_a_n500_20260801.log
255,128,111,164.0,13.731,0.0272,plain:qwen_continuation_draw_a_n500_20260801.log
256,128,111,163.0,6.795,0.0128,plain:qwen_continuation_draw_a_n500_20260801.log
257,128,111,163.0,13.915,0.026,plain:qwen_continuation_draw_a_n500_20260801.log
258,128,111,164.0,5.313,0.0101,plain:qwen_continuation_draw_a_n500_20260801.log
259,128,111,164.0,4.892,0.00927,plain:qwen_continuation_draw_a_n500_20260801.log
260,128,111,163.0,7.538,0.0142,plain:qwen_continuation_draw_a_n500_20260801.log
261,128,111,163.0,12.75,0.0238,plain:qwen_continuation_draw_a_n500_20260801.log
262,124,107,162.0,12.3,0.0228,plain:qwen_continuation_draw_a_n500_20260801.log
263,128,111,163.0,9.179,0.0172,plain:qwen_continuation_draw_a_n500_20260801.log
264,128,111,164.0,5.021,0.00952,plain:qwen_continuation_draw_a_n500_20260801.log
265,128,111,163.0,5.873,0.0106,plain:qwen_continuation_draw_a_n500_20260801.log
266,128,111,163.0,45.415,0.0966,plain:qwen_continuation_draw_a_n500_20260801.log
267,128,111,164.0,7.89,0.0141,plain:qwen_continuation_draw_a_n500_20260801.log
268,128,111,164.0,10.123,0.0184,plain:qwen_continuation_draw_a_n500_20260801.log
269,128,111,163.0,15.356,0.0281,plain:qwen_continuation_draw_a_n500_20260801.log
270,128,111,164.0,3.978,0.00758,plain:qwen_continuation_draw_a_n500_20260801.log
271,128,111,163.0,10.567,0.0192,plain:qwen_continuation_draw_a_n500_20260801.log
272,128,111,164.0,6.157,0.0108,plain:qwen_continuation_draw_a_n500_20260801.log
273,128,111,164.0,6.577,0.0117,plain:qwen_continuation_draw_a_n500_20260801.log
274,128,111,163.0,15.55,0.0299,plain:qwen_continuation_draw_a_n500_20260801.log
275,128,111,163.0,11.209,0.0204,plain:qwen_continuation_draw_a_n500_20260801.log
276,128,111,164.0,10.135,0.018,plain:qwen_continuation_draw_a_n500_20260801.log
277,128,111,163.0,5.025,0.00875,plain:qwen_continuation_draw_a_n500_20260801.log
278,128,111,163.0,11.639,0.0207,plain:qwen_continuation_draw_a_n500_20260801.log
279,128,111,164.0,5.123,0.00892,plain:qwen_continuation_draw_a_n500_20260801.log
280,128,111,164.0,5.723,0.00972,plain:qwen_continuation_draw_a_n500_20260801.log
281,128,111,163.0,10.601,0.0183,plain:qwen_continuation_draw_a_n500_20260801.log
282,128,111,164.0,5.44,0.00964,plain:qwen_continuation_draw_a_n500_20260801.log
283,128,111,163.0,11.328,0.0197,plain:qwen_continuation_draw_a_n500_20260801.log
284,128,111,164.0,7.629,0.013,plain:qwen_continuation_draw_a_n500_20260801.log
285,128,111,164.0,4.052,0.00683,plain:qwen_continuation_draw_a_n500_20260801.log
286,128,111,164.0,14.383,0.026,plain:qwen_continuation_draw_a_n500_20260801.log
287,128,111,165.0,7.611,0.0131,plain:qwen_continuation_draw_a_n500_20260801.log
288,128,111,165.0,12.553,0.0217,plain:qwen_continuation_draw_a_n500_20260801.log
289,128,111,164.0,6.591,0.0126,plain:qwen_continuation_draw_a_n500_20260801.log
290,128,111,165.0,6.731,0.0131,plain:qwen_continuation_draw_a_n500_20260801.log
291,128,111,165.0,16.909,0.029,plain:qwen_continuation_draw_a_n500_20260801.log
292,128,111,163.0,4.57,0.00764,plain:qwen_continuation_draw_a_n500_20260801.log
293,128,111,163.0,7.764,0.0132,plain:qwen_continuation_draw_a_n500_20260801.log
294,128,111,164.0,5.759,0.00972,plain:qwen_continuation_draw_a_n500_20260801.log
295,128,111,164.0,6.615,0.0113,plain:qwen_continuation_draw_a_n500_20260801.log
296,128,111,163.0,8.511,0.0138,plain:qwen_continuation_draw_a_n500_20260801.log
297,128,111,164.0,5.072,0.00848,plain:qwen_continuation_draw_a_n500_20260801.log
298,128,111,164.0,6.767,0.0118,plain:qwen_continuation_draw_a_n500_20260801.log
299,128,111,163.0,5.942,0.0125,plain:qwen_continuation_draw_a_n500_20260801.log
300,128,111,164.0,11.28,0.0189,plain:qwen_continuation_draw_a_n500_20260801.log
301,128,111,164.0,14.735,0.0248,plain:qwen_continuation_draw_a_n500_20260801.log
302,128,111,163.0,9.861,0.0162,plain:qwen_continuation_draw_a_n500_20260801.log
303,128,111,164.0,7.376,0.0119,plain:qwen_continuation_draw_a_n500_20260801.log
304,128,111,164.0,8.482,0.0138,plain:qwen_continuation_draw_a_n500_20260801.log
305,128,111,163.0,7.673,0.0128,plain:qwen_continuation_draw_a_n500_20260801.log
306,128,111,164.0,8.554,0.015,plain:qwen_continuation_draw_a_n500_20260801.log
307,128,111,163.0,12.694,0.0217,plain:qwen_continuation_draw_a_n500_20260801.log
308,128,111,163.0,9.836,0.016,plain:qwen_continuation_draw_a_n500_20260801.log
309,128,111,164.0,52.197,0.0858,plain:qwen_continuation_draw_a_n500_20260801.log
310,128,111,164.0,13.471,0.0219,plain:qwen_continuation_draw_a_n500_20260801.log
311,128,111,163.0,27.452,0.0445,plain:qwen_continuation_draw_a_n500_20260801.log
312,128,111,163.0,7.836,0.0124,plain:qwen_continuation_draw_a_n500_20260801.log
313,128,111,163.0,8.608,0.0136,plain:qwen_continuation_draw_a_n500_20260801.log
314,128,111,163.0,5.207,0.00829,plain:qwen_continuation_draw_a_n500_20260801.log
315,128,111,164.0,5.926,0.0105,plain:qwen_continuation_draw_a_n500_20260801.log
316,128,111,163.0,8.102,0.0124,plain:qwen_continuation_draw_a_n500_20260801.log
317,128,111,163.0,5.237,0.00828,plain:qwen_continuation_draw_a_n500_20260801.log
318,128,111,164.0,27.082,0.0431,plain:qwen_continuation_draw_a_n500_20260801.log
319,128,111,164.0,18.523,0.0294,plain:qwen_continuation_draw_a_n500_20260801.log
320,128,111,163.0,11.593,0.018,plain:qwen_continuation_draw_a_n500_20260801.log
321,128,111,164.0,4.325,0.00661,plain:qwen_continuation_draw_a_n500_20260801.log
322,128,111,163.0,52.15,0.0821,plain:qwen_continuation_draw_a_n500_20260801.log
323,128,111,163.0,173.345,0.271,plain:qwen_continuation_draw_a_n500_20260801.log
324,128,111,164.0,9.592,0.014,plain:qwen_continuation_draw_a_n500_20260801.log
325,128,111,164.0,4.801,0.00703,plain:qwen_continuation_draw_a_n500_20260801.log
326,128,111,163.0,16.888,0.025,plain:qwen_continuation_draw_a_n500_20260801.log
327,128,111,164.0,7.685,0.0114,plain:qwen_continuation_draw_a_n500_20260801.log
328,128,111,164.0,19.342,0.0286,plain:qwen_continuation_draw_a_n500_20260801.log
329,128,111,163.0,5.331,0.00791,plain:qwen_continuation_draw_a_n500_20260801.log
330,128,111,164.0,4.733,0.00685,plain:qwen_continuation_draw_a_n500_20260801.log
331,128,111,163.0,7.551,0.0109,plain:qwen_continuation_draw_a_n500_20260801.log
332,128,111,163.0,8.232,0.0118,plain:qwen_continuation_draw_a_n500_20260801.log
333,128,111,163.0,4.695,0.00735,plain:qwen_continuation_draw_a_n500_20260801.log
334,128,111,163.0,7.692,0.0109,plain:qwen_continuation_draw_a_n500_20260801.log
335,128,111,163.0,10.064,0.0144,plain:qwen_continuation_draw_a_n500_20260801.log
336,128,111,163.0,12.502,0.0177,plain:qwen_continuation_draw_a_n500_20260801.log
337,128,111,164.0,9.198,0.0134,plain:qwen_continuation_draw_a_n500_20260801.log
338,128,111,163.0,8.569,0.0123,plain:qwen_continuation_draw_a_n500_20260801.log
339,128,111,164.0,5.573,0.00836,plain:qwen_continuation_draw_a_n500_20260801.log
340,128,111,164.0,8.629,0.0123,plain:qwen_continuation_draw_a_n500_20260801.log
341,128,111,163.0,9.0,0.0138,plain:qwen_continuation_draw_a_n500_20260801.log
342,128,111,164.0,4.5,0.00644,plain:qwen_continuation_draw_a_n500_20260801.log
343,128,111,164.0,7.767,0.0114,plain:qwen_continuation_draw_a_n500_20260801.log
344,128,111,163.0,5.48,0.00786,plain:qwen_continuation_draw_a_n500_20260801.log
345,128,111,164.0,9.054,0.0128,plain:qwen_continuation_draw_a_n500_20260801.log
346,128,111,164.0,14.12,0.0197,plain:qwen_continuation_draw_a_n500_20260801.log
347,128,111,163.0,9.189,0.0136,plain:qwen_continuation_draw_a_n500_20260801.log
348,128,111,164.0,17.174,0.0322,plain:qwen_continuation_draw_a_n500_20260801.log
349,128,111,164.0,15.024,0.021,plain:qwen_continuation_draw_a_n500_20260801.log
350,128,111,163.0,8.56,0.0114,plain:qwen_continuation_draw_a_n500_20260801.log
351,128,111,164.0,8.504,0.0122,plain:qwen_continuation_draw_a_n500_20260801.log
352,128,111,164.0,10.311,0.0143,plain:qwen_continuation_draw_a_n500_20260801.log
353,128,111,164.0,9.956,0.0147,plain:qwen_continuation_draw_a_n500_20260801.log
354,128,111,164.0,6.526,0.00886,plain:qwen_continuation_draw_a_n500_20260801.log
355,128,111,164.0,13.985,0.0192,plain:qwen_continuation_draw_a_n500_20260801.log
356,128,111,163.0,8.566,0.0115,plain:qwen_continuation_draw_a_n500_20260801.log
357,128,111,164.0,8.088,0.011,plain:qwen_continuation_draw_a_n500_20260801.log
358,128,111,164.0,11.765,0.0159,plain:qwen_continuation_draw_a_n500_20260801.log
359,128,111,163.0,6.502,0.00906,plain:qwen_continuation_draw_a_n500_20260801.log
360,122,105,162.0,7.555,0.0103,plain:qwen_continuation_draw_a_n500_20260801.log
361,128,111,163.0,5.916,0.0081,plain:qwen_continuation_draw_a_n500_20260801.log
362,128,111,163.0,3.645,0.00501,plain:qwen_continuation_draw_a_n500_20260801.log
363,128,111,164.0,10.774,0.0145,plain:qwen_continuation_draw_a_n500_20260801.log
364,128,111,163.0,6.415,0.00863,plain:qwen_continuation_draw_a_n500_20260801.log
365,128,111,163.0,6.989,0.00955,plain:qwen_continuation_draw_a_n500_20260801.log
366,128,111,164.0,6.887,0.0101,plain:qwen_continuation_draw_a_n500_20260801.log
367,128,111,164.0,6.628,0.00915,plain:qwen_continuation_draw_a_n500_20260801.log
368,128,111,163.0,10.743,0.0145,plain:qwen_continuation_draw_a_n500_20260801.log
369,128,111,164.0,6.945,0.00927,plain:qwen_continuation_draw_a_n500_20260801.log
370,128,111,163.0,6.042,0.00804,plain:qwen_continuation_draw_a_n500_20260801.log
371,128,111,163.0,8.156,0.0108,plain:qwen_continuation_draw_a_n500_20260801.log
372,128,111,164.0,4.484,0.00717,plain:qwen_continuation_draw_a_n500_20260801.log
373,128,111,163.0,5.333,0.00653,plain:qwen_continuation_draw_a_n500_20260801.log
374,128,111,163.0,3.603,0.00505,plain:qwen_continuation_draw_a_n500_20260801.log
375,128,111,164.0,12.174,0.0162,plain:qwen_continuation_draw_a_n500_20260801.log
376,128,111,163.0,5.333,0.00673,plain:qwen_continuation_draw_a_n500_20260801.log
377,128,111,163.0,6.064,0.0081,plain:qwen_continuation_draw_a_n500_20260801.log
378,118,101,162.0,4.725,0.00603,plain:qwen_continuation_draw_a_n500_20260801.log
379,128,111,163.0,8.722,0.0114,plain:qwen_continuation_draw_a_n500_20260801.log
380,128,111,163.0,8.174,0.0104,plain:qwen_continuation_draw_a_n500_20260801.log
381,128,111,164.0,5.697,0.00733,plain:qwen_continuation_draw_a_n500_20260801.log
382,128,111,164.0,5.695,0.0072,plain:qwen_continuation_draw_a_n500_20260801.log
383,128,111,163.0,4.953,0.0065,plain:qwen_continuation_draw_a_n500_20260801.log
384,128,111,164.0,4.706,0.00633,plain:qwen_continuation_draw_a_n500_20260801.log
385,128,111,163.0,12.181,0.0157,plain:qwen_continuation_draw_a_n500_20260801.log
386,128,111,163.0,8.929,0.0113,plain:qwen_continuation_draw_a_n500_20260801.log
387,128,111,164.0,4.685,0.00644,plain:qwen_continuation_draw_a_n500_20260801.log
388,128,111,163.0,39.766,0.0516,plain:qwen_continuation_draw_a_n500_20260801.log
389,128,111,163.0,6.313,0.00799,plain:qwen_continuation_draw_a_n500_20260801.log
390,128,111,164.0,4.516,0.00575,plain:qwen_continuation_draw_a_n500_20260801.log
391,128,111,163.0,12.263,0.0162,plain:qwen_continuation_draw_a_n500_20260801.log
392,128,111,163.0,30.933,0.0399,plain:qwen_continuation_draw_a_n500_20260801.log
393,128,111,164.0,12.424,0.0158,plain:qwen_continuation_draw_a_n500_20260801.log
394,128,111,163.0,11.87,0.0149,plain:qwen_continuation_draw_a_n500_20260801.log
395,128,111,163.0,4.826,0.00619,plain:qwen_continuation_draw_a_n500_20260801.log
396,121,104,161.0,11.933,0.0159,plain:qwen_continuation_draw_a_n500_20260801.log
397,128,111,163.0,7.636,0.00956,plain:qwen_continuation_draw_a_n500_20260801.log
398,128,111,163.0,17.018,0.0217,plain:qwen_continuation_draw_a_n500_20260801.log
399,128,111,164.0,5.031,0.00636,plain:qwen_continuation_draw_a_n500_20260801.log
400,128,111,163.0,13.797,0.0173,plain:qwen_continuation_draw_a_n500_20260801.log
401,128,111,163.0,5.05,0.00592,plain:qwen_continuation_draw_a_n500_20260801.log
402,128,111,164.0,8.117,0.0112,plain:qwen_continuation_draw_a_n500_20260801.log
403,128,111,164.0,13.462,0.0167,plain:qwen_continuation_draw_a_n500_20260801.log
404,128,111,163.0,6.102,0.00758,plain:qwen_continuation_draw_a_n500_20260801.log
405,128,111,164.0,12.696,0.0157,plain:qwen_continuation_draw_a_n500_20260801.log
406,128,111,163.0,5.78,0.00701,plain:qwen_continuation_draw_a_n500_20260801.log
407,128,111,163.0,8.231,0.0102,plain:qwen_continuation_draw_a_n500_20260801.log
408,128,111,163.0,6.325,0.00772,plain:qwen_continuation_draw_a_n500_20260801.log
409,128,111,163.0,6.118,0.00759,plain:qwen_continuation_draw_a_n500_20260801.log
410,128,111,163.0,4.845,0.00621,plain:qwen_continuation_draw_a_n500_20260801.log
411,128,111,163.0,12.167,0.015,plain:qwen_continuation_draw_a_n500_20260801.log
412,112,95,158.0,4.756,0.00601,plain:qwen_continuation_draw_a_n500_20260801.log
413,128,111,163.0,79.579,0.124,plain:qwen_continuation_draw_a_n500_20260801.log
414,128,111,164.0,12.266,0.0149,plain:qwen_continuation_draw_a_n500_20260801.log
415,128,111,163.0,3.702,0.0046,plain:qwen_continuation_draw_a_n500_20260801.log
416,128,111,163.0,23.203,0.0282,plain:qwen_continuation_draw_a_n500_20260801.log
417,128,111,163.0,14.336,0.0173,plain:qwen_continuation_draw_a_n500_20260801.log
418,128,111,163.0,15.418,0.0186,plain:qwen_continuation_draw_a_n500_20260801.log
419,128,111,163.0,5.185,0.00634,plain:qwen_continuation_draw_a_n500_20260801.log
420,128,111,164.0,5.348,0.00689,plain:qwen_continuation_draw_a_n500_20260801.log
421,128,111,163.0,6.666,0.00784,plain:qwen_continuation_draw_a_n500_20260801.log
422,128,111,163.0,10.192,0.0122,plain:qwen_continuation_draw_a_n500_20260801.log
423,128,111,163.0,10.333,0.0122,plain:qwen_continuation_draw_a_n500_20260801.log
424,128,111,164.0,50.697,0.0609,plain:qwen_continuation_draw_a_n500_20260801.log
425,128,111,163.0,3.6,0.00443,plain:qwen_continuation_draw_a_n500_20260801.log
426,128,111,163.0,9.081,0.0107,plain:qwen_continuation_draw_a_n500_20260801.log
427,128,111,164.0,9.09,0.0112,plain:qwen_continuation_draw_a_n500_20260801.log
428,128,111,163.0,12.842,0.015,plain:qwen_continuation_draw_a_n500_20260801.log
429,128,111,163.0,12.084,0.0169,plain:qwen_continuation_draw_a_n500_20260801.log
430,128,111,163.0,28.642,0.0339,plain:qwen_continuation_draw_a_n500_20260801.log
431,128,111,163.0,5.434,0.00626,plain:qwen_continuation_draw_a_n500_20260801.log
432,128,111,163.0,4.914,0.00566,plain:qwen_continuation_draw_a_n500_20260801.log
433,128,111,163.0,14.473,0.0181,plain:qwen_continuation_draw_a_n500_20260801.log
434,128,111,163.0,6.715,0.00781,plain:qwen_continuation_draw_a_n500_20260801.log
435,128,111,163.0,15.019,0.0216,plain:qwen_continuation_draw_a_n500_20260801.log
436,117,100,160.0,10.608,0.0124,plain:qwen_continuation_draw_a_n500_20260801.log
437,128,111,163.0,6.303,0.00699,plain:qwen_continuation_draw_a_n500_20260801.log
438,128,111,163.0,16.214,0.0187,plain:qwen_continuation_draw_a_n500_20260801.log
439,128,111,163.0,2.701,0.0034,plain:qwen_continuation_draw_a_n500_20260801.log
440,128,111,163.0,13.789,0.016,plain:qwen_continuation_draw_a_n500_20260801.log
441,128,111,163.0,35.86,0.0415,plain:qwen_continuation_draw_a_n500_20260801.log
442,128,111,164.0,4.572,0.0053,plain:qwen_continuation_draw_a_n500_20260801.log
443,128,111,163.0,5.231,0.00577,plain:qwen_continuation_draw_a_n500_20260801.log
444,128,111,163.0,7.812,0.00887,plain:qwen_continuation_draw_a_n500_20260801.log
445,128,111,163.0,5.866,0.00664,plain:qwen_continuation_draw_a_n500_20260801.log
446,128,111,163.0,10.13,0.0116,plain:qwen_continuation_draw_a_n500_20260801.log
447,128,111,163.0,13.524,0.0155,plain:qwen_continuation_draw_a_n500_20260801.log
448,128,111,163.0,6.692,0.00776,plain:qwen_continuation_draw_a_n500_20260801.log
449,128,111,163.0,10.86,0.0123,plain:qwen_continuation_draw_a_n500_20260801.log
450,128,111,163.0,8.505,0.00945,plain:qwen_continuation_draw_a_n500_20260801.log
451,128,111,164.0,4.84,0.00524,plain:qwen_continuation_draw_a_n500_20260801.log
452,128,111,163.0,5.11,0.00564,plain:qwen_continuation_draw_a_n500_20260801.log
453,128,111,163.0,10.226,0.0114,plain:qwen_continuation_draw_a_n500_20260801.log
454,128,111,163.0,4.643,0.00515,plain:qwen_continuation_draw_a_n500_20260801.log
455,128,111,163.0,9.825,0.0112,plain:qwen_continuation_draw_a_n500_20260801.log
456,128,111,163.0,7.069,0.00788,plain:qwen_continuation_draw_a_n500_20260801.log
457,128,111,163.0,5.376,0.00591,plain:qwen_continuation_draw_a_n500_20260801.log
458,128,111,163.0,25.579,0.0287,plain:qwen_continuation_draw_a_n500_20260801.log
459,128,111,163.0,7.698,0.00834,plain:qwen_continuation_draw_a_n500_20260801.log
460,128,111,163.0,11.151,0.0125,plain:qwen_continuation_draw_a_n500_20260801.log
461,128,111,163.0,54.751,0.0657,plain:qwen_continuation_draw_a_n500_20260801.log
462,128,111,163.0,13.424,0.015,plain:qwen_continuation_draw_a_n500_20260801.log
463,128,111,164.0,10.341,0.0114,plain:qwen_continuation_draw_a_n500_20260801.log
464,128,111,163.0,5.915,0.00653,plain:qwen_continuation_draw_a_n500_20260801.log
465,128,111,163.0,5.307,0.00591,plain:qwen_continuation_draw_a_n500_20260801.log
466,128,111,163.0,8.558,0.00946,plain:qwen_continuation_draw_a_n500_20260801.log
467,128,111,163.0,4.964,0.00541,plain:qwen_continuation_draw_a_n500_20260801.log
468,128,111,163.0,6.164,0.00737,plain:qwen_continuation_draw_a_n500_20260801.log
469,128,111,163.0,6.193,0.00677,plain:qwen_continuation_draw_a_n500_20260801.log
470,128,111,163.0,4.293,0.00494,plain:qwen_continuation_draw_a_n500_20260801.log
471,128,111,164.0,4.956,0.00537,plain:qwen_continuation_draw_a_n500_20260801.log
472,128,111,164.0,14.766,0.0162,plain:qwen_continuation_draw_a_n500_20260801.log
473,128,111,164.0,15.236,0.0166,plain:qwen_continuation_draw_a_n500_20260801.log
474,128,111,164.0,23.294,0.0271,plain:qwen_continuation_draw_a_n500_20260801.log
475,128,111,163.0,3.633,0.00395,plain:qwen_continuation_draw_a_n500_20260801.log
476,128,111,163.0,7.979,0.00858,plain:qwen_continuation_draw_a_n500_20260801.log
477,128,111,164.0,3.883,0.00434,plain:qwen_continuation_draw_a_n500_20260801.log
478,128,111,164.0,8.686,0.00933,plain:qwen_continuation_draw_a_n500_20260801.log
479,128,111,163.0,26.881,0.0345,plain:qwen_continuation_draw_a_n500_20260801.log
480,128,111,163.0,5.391,0.00667,plain:qwen_continuation_draw_a_n500_20260801.log
481,128,111,163.0,8.108,0.00831,plain:qwen_continuation_draw_a_n500_20260801.log
482,128,111,164.0,8.321,0.00942,plain:qwen_continuation_draw_a_n500_20260801.log
483,128,111,163.0,5.19,0.00563,plain:qwen_continuation_draw_a_n500_20260801.log
484,128,111,163.0,69.861,0.0754,plain:qwen_continuation_draw_a_n500_20260801.log
485,128,111,163.0,8.669,0.00903,plain:qwen_continuation_draw_a_n500_20260801.log
486,128,111,164.0,4.942,0.00526,plain:qwen_continuation_draw_a_n500_20260801.log
487,128,111,163.0,10.482,0.0111,plain:qwen_continuation_draw_a_n500_20260801.log
488,128,111,163.0,24.682,0.0263,plain:qwen_continuation_draw_a_n500_20260801.log
489,128,111,163.0,7.629,0.00809,plain:qwen_continuation_draw_a_n500_20260801.log
490,128,111,164.0,5.248,0.00525,plain:qwen_continuation_draw_a_n500_20260801.log
491,128,111,163.0,15.197,0.0177,plain:qwen_continuation_draw_a_n500_20260801.log
492,117,100,160.0,14.173,0.0149,plain:qwen_continuation_draw_a_n500_20260801.log
493,128,111,164.0,11.594,0.012,plain:qwen_continuation_draw_a_n500_20260801.log
494,128,111,163.0,6.729,0.00708,plain:qwen_continuation_draw_a_n500_20260801.log
495,128,111,164.0,8.822,0.00916,plain:qwen_continuation_draw_a_n500_20260801.log
496,128,111,163.0,5.074,0.0053,plain:qwen_continuation_draw_a_n500_20260801.log
497,128,111,163.0,7.201,0.00728,plain:qwen_continuation_draw_a_n500_20260801.log
498,128,111,163.0,4.637,0.00473,plain:qwen_continuation_draw_a_n500_20260801.log
499,123,106,162.0,4.664,0.00552,plain:qwen_continuation_draw_a_n500_20260801.log
500,128,111,167.0,13.38,0.0139,plain:qwen_continuation_draw_a_n500_20260801.log
501,128,111,165.0,5.892,0.00599,plain:qwen_continuation_draw_a_n1000_20260801.log
502,128,111,165.0,4.554,0.00454,plain:qwen_continuation_draw_a_n1000_20260801.log
503,128,111,163.0,14.968,0.0162,plain:qwen_continuation_draw_a_n1000_20260801.log
504,128,111,163.0,8.012,0.00826,plain:qwen_continuation_draw_a_n1000_20260801.log
505,128,111,164.0,4.893,0.00502,plain:qwen_continuation_draw_a_n1000_20260801.log
506,128,111,164.0,5.527,0.00549,plain:qwen_continuation_draw_a_n1000_20260801.log
507,128,111,163.0,14.53,0.0149,plain:qwen_continuation_draw_a_n1000_20260801.log
508,128,111,165.0,12.545,0.0131,plain:qwen_continuation_draw_a_n1000_20260801.log
509,128,111,164.0,11.118,0.0118,plain:qwen_continuation_draw_a_n1000_20260801.log
510,128,111,163.0,9.642,0.00985,plain:qwen_continuation_draw_a_n1000_20260801.log
511,128,111,164.0,12.501,0.0128,plain:qwen_continuation_draw_a_n1000_20260801.log
512,128,111,164.0,8.439,0.00856,plain:qwen_continuation_draw_a_n1000_20260801.log
513,128,111,163.0,11.579,0.0118,plain:qwen_continuation_draw_a_n1000_20260801.log
514,128,111,165.0,14.016,0.0144,plain:qwen_continuation_draw_a_n1000_20260801.log
515,128,111,164.0,5.531,0.00555,plain:qwen_continuation_draw_a_n1000_20260801.log
516,128,111,163.0,16.572,0.0168,plain:qwen_continuation_draw_a_n1000_20260801.log
517,128,111,165.0,7.697,0.0077,plain:qwen_continuation_draw_a_n1000_20260801.log
518,128,111,163.0,6.755,0.00658,plain:qwen_continuation_draw_a_n1000_20260801.log
519,128,111,163.0,3.537,0.00358,plain:qwen_continuation_draw_a_n1000_20260801.log
520,128,111,164.0,7.527,0.00751,plain:qwen_continuation_draw_a_n1000_20260801.log
521,128,111,163.0,5.487,0.0054,plain:qwen_continuation_draw_a_n1000_20260801.log
522,128,111,163.0,7.706,0.0077,plain:qwen_continuation_draw_a_n1000_20260801.log
523,128,111,165.0,15.895,0.0163,plain:qwen_continuation_draw_a_n1000_20260801.log
524,128,111,164.0,11.324,0.0113,plain:qwen_continuation_draw_a_n1000_20260801.log
525,126,109,163.0,6.654,0.00651,plain:qwen_continuation_draw_a_n1000_20260801.log
526,128,111,165.0,7.514,0.0076,plain:qwen_continuation_draw_a_n1000_20260801.log
527,128,111,163.0,8.799,0.00869,plain:qwen_continuation_draw_a_n1000_20260801.log
528,128,111,163.0,3.614,0.00367,plain:qwen_continuation_draw_a_n1000_20260801.log
529,128,111,165.0,13.982,0.0139,plain:qwen_continuation_draw_a_n1000_20260801.log
530,128,111,163.0,5.924,0.00577,plain:qwen_continuation_draw_a_n1000_20260801.log
531,128,111,163.0,14.527,0.0148,plain:qwen_continuation_draw_a_n1000_20260801.log
532,128,111,164.0,15.206,0.0173,plain:qwen_continuation_draw_a_n1000_20260801.log
533,128,111,163.0,6.046,0.00598,plain:qwen_continuation_draw_a_n1000_20260801.log
534,128,111,163.0,5.857,0.00573,plain:qwen_continuation_draw_a_n1000_20260801.log
535,128,111,165.0,5.379,0.0052,plain:qwen_continuation_draw_a_n1000_20260801.log
536,128,111,163.0,7.766,0.00747,plain:qwen_continuation_draw_a_n1000_20260801.log
537,128,111,163.0,6.283,0.00608,plain:qwen_continuation_draw_a_n1000_20260801.log
538,128,111,165.0,5.023,0.00511,plain:qwen_continuation_draw_a_n1000_20260801.log
539,128,111,164.0,7.583,0.00736,plain:qwen_continuation_draw_a_n1000_20260801.log
540,116,99,159.0,7.348,0.0069,plain:qwen_continuation_draw_a_n1000_20260801.log
541,128,111,164.0,25.727,0.0252,plain:qwen_continuation_draw_a_n1000_20260801.log
542,128,111,163.0,36.435,0.0357,plain:qwen_continuation_draw_a_n1000_20260801.log
543,128,111,163.0,6.754,0.00642,plain:qwen_continuation_draw_a_n1000_20260801.log
544,128,111,164.0,3.699,0.00356,plain:qwen_continuation_draw_a_n1000_20260801.log
545,128,111,164.0,5.074,0.00488,plain:qwen_continuation_draw_a_n1000_20260801.log
546,128,111,163.0,7.281,0.00709,plain:qwen_continuation_draw_a_n1000_20260801.log
547,128,111,164.0,10.823,0.0104,plain:qwen_continuation_draw_a_n1000_20260801.log
548,128,111,164.0,7.144,0.00672,plain:qwen_continuation_draw_a_n1000_20260801.log
549,128,111,163.0,6.292,0.00603,plain:qwen_continuation_draw_a_n1000_20260801.log
550,128,111,165.0,8.293,0.00878,plain:qwen_continuation_draw_a_n1000_20260801.log
551,128,111,164.0,12.22,0.0123,plain:qwen_continuation_draw_a_n1000_20260801.log
552,128,111,163.0,7.515,0.0078,plain:qwen_continuation_draw_a_n1000_20260801.log
553,128,111,165.0,15.607,0.015,plain:qwen_continuation_draw_a_n1000_20260801.log
554,128,111,164.0,6.715,0.00681,plain:qwen_continuation_draw_a_n1000_20260801.log
555,128,111,209.0,20.956,0.0199,codex-tool-output:6adb27484077
556,128,111,166.0,13.241,0.0126,codex-tool-output:6adb27484077
557,128,111,164.0,5.73,0.00538,codex-tool-output:6adb27484077
558,128,111,164.0,8.564,0.00781,codex-tool-output:6adb27484077
559,128,111,165.0,9.796,0.0091,codex-tool-output:6adb27484077
560,128,111,165.0,8.436,0.00769,codex-tool-output:6adb27484077
561,128,111,164.0,12.723,0.012,codex-tool-output:6adb27484077
562,128,111,165.0,8.849,0.00837,codex-tool-output:6adb27484077
563,128,111,165.0,6.18,0.00562,codex-tool-output:6adb27484077
564,128,111,164.0,7.159,0.00663,codex-tool-output:6adb27484077
565,128,111,165.0,4.351,0.00402,codex-tool-output:6adb27484077
566,128,111,165.0,7.02,0.00657,codex-tool-output:6adb27484077
567,128,111,164.0,8.175,0.00752,codex-tool-output:6adb27484077
568,128,111,164.0,7.602,0.00712,codex-tool-output:6adb27484077
569,128,111,164.0,15.501,0.0145,codex-tool-output:6adb27484077
570,128,111,164.0,9.704,0.00897,codex-tool-output:6adb27484077
571,128,111,166.0,8.157,0.00766,codex-tool-output:6adb27484077
572,115,98,160.0,7.085,0.00657,codex-tool-output:6adb27484077
573,126,109,164.0,6.644,0.00613,codex-tool-output:6adb27484077
574,128,111,165.0,14.717,0.0136,codex-tool-output:6adb27484077
575,128,111,165.0,8.012,0.00768,codex-tool-output:6adb27484077
576,128,111,164.0,8.85,0.00813,codex-tool-output:6adb27484077
577,128,111,165.0,6.702,0.00614,codex-tool-output:6adb27484077
578,128,111,165.0,64.718,0.0736,codex-tool-output:6adb27484077
579,128,111,164.0,29.085,0.0275,codex-tool-output:6adb27484077
580,128,111,166.0,16.237,0.0149,codex-tool-output:6adb27484077
581,128,111,165.0,6.296,0.00568,codex-tool-output:6adb27484077
582,128,111,165.0,8.114,0.00726,codex-tool-output:6adb27484077
583,128,111,165.0,8.475,0.00775,codex-tool-output:6adb27484077
584,128,111,165.0,8.115,0.00729,codex-tool-output:6adb27484077
585,128,111,164.0,9.3,0.00835,codex-tool-output:6adb27484077
586,128,111,166.0,4.591,0.00404,codex-tool-output:6adb27484077
587,128,111,165.0,18.844,0.0172,codex-tool-output:6adb27484077
588,128,111,164.0,14.53,0.013,codex-tool-output:6adb27484077
589,128,111,166.0,4.785,0.00427,codex-tool-output:6adb27484077
590,128,111,165.0,4.924,0.00448,codex-tool-output:6adb27484077
591,128,111,164.0,9.966,0.00889,codex-tool-output:6adb27484077
592,128,111,166.0,18.045,0.0163,codex-tool-output:6adb27484077
593,128,111,165.0,14.367,0.0129,codex-tool-output:6adb27484077
594,128,111,164.0,8.749,0.00792,codex-tool-output:6adb27484077
595,128,111,166.0,6.297,0.00562,codex-tool-output:6adb27484077
596,128,111,165.0,14.624,0.013,codex-tool-output:6adb27484077
597,128,111,164.0,6.534,0.00583,codex-tool-output:6adb27484077
598,128,111,165.0,7.228,0.00628,codex-tool-output:6adb27484077
599,128,111,165.0,13.158,0.0117,codex-tool-output:6adb27484077
600,128,111,165.0,7.979,0.00692,codex-tool-output:6adb27484077
601,128,111,166.0,14.406,0.0126,codex-tool-output:6adb27484077
602,128,111,165.0,4.793,0.00432,codex-tool-output:6adb27484077
603,128,111,164.0,6.868,0.00596,codex-tool-output:6adb27484077
604,128,111,165.0,6.442,0.00564,codex-tool-output:6adb27484077
605,128,111,165.0,16.953,0.015,codex-tool-output:6adb27484077
606,128,111,164.0,7.106,0.0065,codex-tool-output:6adb27484077
607,128,111,165.0,6.483,0.00575,codex-tool-output:6adb27484077
608,128,111,164.0,4.442,0.00383,codex-tool-output:6adb27484077
609,128,111,165.0,4.146,0.00359,codex-tool-output:6adb27484077
610,128,111,165.0,8.282,0.00726,codex-tool-output:6adb27484077
611,128,111,165.0,6.213,0.00542,codex-tool-output:6adb27484077
612,128,111,165.0,151.626,0.134,codex-tool-output:6adb27484077
613,128,111,166.0,7.312,0.00643,codex-tool-output:6adb27484077
614,128,111,165.0,10.174,0.00877,codex-tool-output:6adb27484077
615,128,111,165.0,5.017,0.00437,codex-tool-output:6adb27484077
616,128,111,166.0,231.101,0.202,codex-tool-output:6adb27484077
617,128,111,165.0,9.964,0.00815,codex-tool-output:6adb27484077
618,128,111,164.0,6.611,0.00555,codex-tool-output:6adb27484077
619,128,111,166.0,13.405,0.0113,codex-tool-output:6adb27484077
620,128,111,165.0,4.442,0.00346,codex-tool-output:6adb27484077
621,128,111,164.0,11.063,0.00909,codex-tool-output:6adb27484077
622,128,111,166.0,6.542,0.00525,codex-tool-output:6adb27484077
623,128,111,165.0,7.868,0.00643,codex-tool-output:6adb27484077
624,128,111,164.0,11.214,0.00938,codex-tool-output:6adb27484077
625,128,111,165.0,4.558,0.00407,codex-tool-output:6adb27484077
626,128,111,165.0,4.998,0.00398,codex-tool-output:6adb27484077
627,128,111,164.0,4.359,0.00355,codex-tool-output:6adb27484077
628,128,111,165.0,39.192,0.0327,codex-tool-output:6adb27484077
629,128,111,165.0,8.886,0.00725,codex-tool-output:6adb27484077
630,128,111,165.0,6.836,0.00573,codex-tool-output:6adb27484077
631,128,111,165.0,49.303,0.0409,codex-tool-output:6adb27484077
632,128,111,166.0,6.714,0.00564,codex-tool-output:6adb27484077
633,128,111,164.0,6.876,0.00576,codex-tool-output:6adb27484077
634,128,111,166.0,10.64,0.00878,codex-tool-output:6adb27484077
635,128,111,165.0,4.043,0.00353,codex-tool-output:6adb27484077
636,128,111,164.0,6.232,0.00519,codex-tool-output:6adb27484077
637,128,111,166.0,8.86,0.00708,codex-tool-output:6adb27484077
638,128,111,165.0,7.142,0.00566,codex-tool-output:6adb27484077
639,128,111,164.0,19.758,0.0162,codex-tool-output:6adb27484077
640,128,111,166.0,14.545,0.0119,codex-tool-output:6adb27484077
641,128,111,165.0,5.228,0.00423,codex-tool-output:6adb27484077
642,128,111,164.0,8.147,0.00675,codex-tool-output:6adb27484077
643,128,111,165.0,11.176,0.00911,codex-tool-output:6adb27484077
644,128,111,165.0,11.46,0.00928,codex-tool-output:6adb27484077
645,128,111,164.0,8.792,0.00701,codex-tool-output:6adb27484077
646,128,111,166.0,4.587,0.00357,codex-tool-output:6adb27484077
647,128,111,165.0,7.498,0.00605,codex-tool-output:6adb27484077
648,128,111,164.0,5.347,0.00415,codex-tool-output:6adb27484077
649,128,111,166.0,12.816,0.0103,codex-tool-output:6adb27484077
650,128,111,165.0,4.47,0.00348,codex-tool-output:6adb27484077
651,128,111,165.0,21.306,0.0171,codex-tool-output:6adb27484077
652,128,111,165.0,9.352,0.00755,codex-tool-output:6adb27484077
653,128,111,165.0,12.665,0.0101,codex-tool-output:6adb27484077
654,128,111,164.0,12.357,0.0103,codex-tool-output:6adb27484077
655,128,111,165.0,8.47,0.00655,codex-tool-output:6adb27484077
656,128,111,165.0,6.964,0.00534,codex-tool-output:6adb27484077
657,128,111,164.0,6.165,0.0047,codex-tool-output:6adb27484077
658,128,111,166.0,9.345,0.00792,codex-tool-output:6adb27484077
659,128,111,165.0,5.476,0.00457,codex-tool-output:6adb27484077
660,128,111,164.0,113.855,0.0909,codex-tool-output:6adb27484077
661,128,111,165.0,10.309,0.00824,codex-tool-output:6adb27484077
662,128,111,165.0,8.38,0.00661,codex-tool-output:6adb27484077
663,128,111,164.0,6.77,0.00516,codex-tool-output:6adb27484077
664,115,98,162.0,8.177,0.00647,codex-tool-output:6adb27484077
665,128,111,166.0,9.613,0.00738,codex-tool-output:6adb27484077
666,128,111,164.0,4.864,0.00367,codex-tool-output:6adb27484077
667,128,111,166.0,5.219,0.0041,codex-tool-output:6adb27484077
668,128,111,165.0,4.411,0.00334,codex-tool-output:6adb27484077
669,128,111,164.0,8.284,0.00671,codex-tool-output:6adb27484077
670,128,111,165.0,9.19,0.00712,codex-tool-output:6adb27484077
671,128,111,165.0,4.992,0.00396,codex-tool-output:6adb27484077
672,128,111,164.0,9.981,0.0077,codex-tool-output:6adb27484077
673,128,111,165.0,11.35,0.00866,codex-tool-output:6adb27484077
674,128,111,165.0,5.0,0.00386,codex-tool-output:6adb27484077
675,128,111,164.0,10.461,0.00818,codex-tool-output:6adb27484077
676,128,111,166.0,6.644,0.00504,codex-tool-output:6adb27484077
677,128,111,165.0,7.489,0.00581,codex-tool-output:6adb27484077
678,128,111,164.0,8.266,0.00639,codex-tool-output:6adb27484077
679,128,111,166.0,4.842,0.00359,codex-tool-output:6adb27484077
680,128,111,165.0,6.241,0.00491,codex-tool-output:6adb27484077
681,128,111,164.0,4.752,0.00369,codex-tool-output:6adb27484077
682,128,111,165.0,33.995,0.0263,codex-tool-output:6adb27484077
683,128,111,165.0,4.921,0.00396,codex-tool-output:6adb27484077
684,128,111,164.0,12.827,0.00985,codex-tool-output:6adb27484077
685,128,111,166.0,5.588,0.00445,codex-tool-output:6adb27484077
686,128,111,165.0,5.761,0.00439,codex-tool-output:6adb27484077
687,128,111,165.0,26.601,0.0203,codex-tool-output:6adb27484077
688,128,111,166.0,10.228,0.00779,codex-tool-output:6adb27484077
689,128,111,165.0,6.71,0.00494,codex-tool-output:6adb27484077
690,128,111,164.0,14.245,0.0112,codex-tool-output:6adb27484077
691,128,111,166.0,5.723,0.00452,codex-tool-output:6adb27484077
692,128,111,165.0,7.057,0.0053,codex-tool-output:6adb27484077
693,128,111,164.0,10.515,0.00777,codex-tool-output:6adb27484077
694,128,111,166.0,5.51,0.00416,codex-tool-output:6adb27484077
695,128,111,165.0,4.61,0.00326,codex-tool-output:6adb27484077
696,128,111,165.0,11.839,0.00885,codex-tool-output:6adb27484077
697,128,111,165.0,4.361,0.00317,codex-tool-output:6adb27484077
698,128,111,165.0,10.575,0.00778,codex-tool-output:6adb27484077
699,128,111,164.0,11.856,0.00894,codex-tool-output:6adb27484077
700,128,111,166.0,14.538,0.011,codex-tool-output:6adb27484077
701,128,111,165.0,4.805,0.00353,codex-tool-output:6adb27484077
702,128,111,165.0,9.169,0.00686,codex-tool-output:6adb27484077
703,128,111,166.0,13.668,0.0104,codex-tool-output:6adb27484077
704,128,111,165.0,12.841,0.0096,codex-tool-output:6adb27484077
705,128,111,164.0,7.632,0.00561,codex-tool-output:6adb27484077
706,128,111,165.0,7.805,0.00572,codex-tool-output:6adb27484077
707,128,111,165.0,8.802,0.00647,codex-tool-output:6adb27484077
708,128,111,164.0,7.974,0.00592,codex-tool-output:6adb27484077
709,128,111,165.0,5.705,0.00423,codex-tool-output:6adb27484077
710,128,111,165.0,6.817,0.00501,codex-tool-output:6adb27484077
711,128,111,164.0,6.177,0.00449,codex-tool-output:6adb27484077
712,124,107,165.0,5.055,0.00369,codex-tool-output:6adb27484077
713,128,111,165.0,4.892,0.00359,codex-tool-output:6adb27484077
714,128,111,165.0,9.339,0.00678,codex-tool-output:6adb27484077
715,128,111,166.0,9.384,0.00695,codex-tool-output:6adb27484077
716,128,111,165.0,10.978,0.00805,codex-tool-output:6adb27484077
717,128,111,167.0,11.698,0.00863,plain:qwen_continuation_draw_a_n1000_20260801.log
718,128,111,165.0,10.065,0.00739,plain:qwen_continuation_draw_a_n1000_20260801.log
719,128,111,164.0,9.416,0.00754,plain:qwen_continuation_draw_a_n1000_20260801.log
720,128,111,165.0,9.925,0.00715,plain:qwen_continuation_draw_a_n1000_20260801.log
721,128,111,166.0,4.118,0.00309,plain:qwen_continuation_draw_a_n1000_20260801.log
722,128,111,165.0,14.827,0.0109,plain:qwen_continuation_draw_a_n1000_20260801.log
723,128,111,167.0,5.45,0.00393,plain:qwen_continuation_draw_a_n1000_20260801.log
724,128,111,165.0,4.367,0.00324,plain:qwen_continuation_draw_a_n1000_20260801.log
725,128,111,165.0,20.796,0.0155,plain:qwen_continuation_draw_a_n1000_20260801.log
726,128,111,164.0,6.061,0.00434,plain:qwen_continuation_draw_a_n1000_20260801.log
727,128,111,165.0,10.365,0.00751,plain:qwen_continuation_draw_a_n1000_20260801.log
728,128,111,165.0,7.43,0.0054,plain:qwen_continuation_draw_a_n1000_20260801.log
729,128,111,164.0,5.594,0.00379,plain:qwen_continuation_draw_a_n1000_20260801.log
730,128,111,166.0,12.67,0.00918,plain:qwen_continuation_draw_a_n1000_20260801.log
731,128,111,165.0,5.355,0.00384,plain:qwen_continuation_draw_a_n1000_20260801.log
732,128,111,164.0,5.273,0.00358,plain:qwen_continuation_draw_a_n1000_20260801.log
733,128,111,165.0,7.709,0.00549,plain:qwen_continuation_draw_a_n1000_20260801.log
734,128,111,164.0,4.262,0.00294,plain:qwen_continuation_draw_a_n1000_20260801.log
735,128,111,164.0,8.067,0.00555,plain:qwen_continuation_draw_a_n1000_20260801.log
736,128,111,165.0,15.012,0.0109,plain:qwen_continuation_draw_a_n1000_20260801.log
737,128,111,164.0,12.866,0.00926,plain:qwen_continuation_draw_a_n1000_20260801.log
738,128,111,164.0,6.061,0.00428,plain:qwen_continuation_draw_a_n1000_20260801.log
739,128,111,165.0,4.385,0.00301,plain:qwen_continuation_draw_a_n1000_20260801.log
740,128,111,164.0,7.963,0.00571,plain:qwen_continuation_draw_a_n1000_20260801.log
741,128,111,164.0,11.476,0.00831,plain:qwen_continuation_draw_a_n1000_20260801.log
742,128,111,165.0,8.824,0.00616,plain:qwen_continuation_draw_a_n1000_20260801.log
743,128,111,165.0,6.607,0.00475,plain:qwen_continuation_draw_a_n1000_20260801.log
744,128,111,164.0,7.498,0.00535,plain:qwen_continuation_draw_a_n1000_20260801.log
745,128,111,165.0,6.63,0.00458,plain:qwen_continuation_draw_a_n1000_20260801.log
746,128,111,165.0,10.802,0.00773,plain:qwen_continuation_draw_a_n1000_20260801.log
747,128,111,164.0,5.646,0.00378,plain:qwen_continuation_draw_a_n1000_20260801.log
748,128,111,164.0,6.579,0.0048,plain:qwen_continuation_draw_a_n1000_20260801.log
749,128,111,164.0,4.397,0.00306,plain:qwen_continuation_draw_a_n1000_20260801.log
750,128,111,164.0,5.631,0.00388,plain:qwen_continuation_draw_a_n1000_20260801.log
751,128,111,165.0,8.409,0.00591,plain:qwen_continuation_draw_a_n1000_20260801.log
752,128,111,164.0,4.837,0.00348,plain:qwen_continuation_draw_a_n1000_20260801.log
753,128,111,164.0,8.055,0.00568,plain:qwen_continuation_draw_a_n1000_20260801.log
754,128,111,166.0,7.309,0.00509,plain:qwen_continuation_draw_a_n1000_20260801.log
755,128,111,165.0,7.243,0.00512,plain:qwen_continuation_draw_a_n1000_20260801.log
756,128,111,164.0,5.039,0.00355,plain:qwen_continuation_draw_a_n1000_20260801.log
757,128,111,165.0,9.811,0.00681,plain:qwen_continuation_draw_a_n1000_20260801.log
758,128,111,165.0,13.078,0.00911,plain:qwen_continuation_draw_a_n1000_20260801.log
759,128,111,164.0,29.609,0.0221,plain:qwen_continuation_draw_a_n1000_20260801.log
760,128,111,165.0,8.619,0.00594,plain:qwen_continuation_draw_a_n1000_20260801.log
761,128,111,165.0,3.899,0.00269,plain:qwen_continuation_draw_a_n1000_20260801.log
762,128,111,164.0,12.794,0.00876,plain:qwen_continuation_draw_a_n1000_20260801.log
763,128,111,165.0,5.978,0.00389,plain:qwen_continuation_draw_a_n1000_20260801.log
764,128,111,165.0,6.746,0.00464,plain:qwen_continuation_draw_a_n1000_20260801.log
765,128,111,164.0,3.895,0.00273,plain:qwen_continuation_draw_a_n1000_20260801.log
766,128,111,164.0,5.569,0.00369,plain:qwen_continuation_draw_a_n1000_20260801.log
767,128,111,165.0,3.969,0.00283,plain:qwen_continuation_draw_a_n1000_20260801.log
768,128,111,163.0,5.611,0.00383,plain:qwen_continuation_draw_a_n1000_20260801.log
769,128,111,164.0,6.333,0.00424,plain:qwen_continuation_draw_a_n1000_20260801.log
770,128,111,164.0,7.946,0.0054,plain:qwen_continuation_draw_a_n1000_20260801.log
771,128,111,164.0,10.999,0.00763,plain:qwen_continuation_draw_a_n1000_20260801.log
772,128,111,165.0,5.286,0.00369,plain:qwen_continuation_draw_a_n1000_20260801.log
773,128,111,164.0,15.56,0.0107,plain:qwen_continuation_draw_a_n1000_20260801.log
774,120,103,161.0,8.158,0.00546,plain:qwen_continuation_draw_a_n1000_20260801.log
775,128,111,164.0,10.698,0.00726,plain:qwen_continuation_draw_a_n1000_20260801.log
776,128,111,164.0,6.667,0.00451,plain:qwen_continuation_draw_a_n1000_20260801.log
777,128,111,164.0,15.006,0.0104,plain:qwen_continuation_draw_a_n1000_20260801.log
778,128,111,165.0,10.057,0.00683,plain:qwen_continuation_draw_a_n1000_20260801.log
779,128,111,164.0,19.789,0.0136,plain:qwen_continuation_draw_a_n1000_20260801.log
780,128,111,164.0,8.221,0.0055,plain:qwen_continuation_draw_a_n1000_20260801.log
781,128,111,164.0,12.097,0.00862,plain:qwen_continuation_draw_a_n1000_20260801.log
782,128,111,164.0,6.342,0.00418,plain:qwen_continuation_draw_a_n1000_20260801.log
783,128,111,164.0,6.94,0.00453,plain:qwen_continuation_draw_a_n1000_20260801.log
784,128,111,164.0,6.537,0.00444,plain:qwen_continuation_draw_a_n1000_20260801.log
785,128,111,164.0,5.19,0.00331,plain:qwen_continuation_draw_a_n1000_20260801.log
786,128,111,164.0,8.968,0.00618,plain:qwen_continuation_draw_a_n1000_20260801.log
787,128,111,165.0,7.492,0.00494,plain:qwen_continuation_draw_a_n1000_20260801.log
788,125,108,164.0,7.058,0.00456,plain:qwen_continuation_draw_a_n1000_20260801.log
789,128,111,163.0,6.602,0.00435,plain:qwen_continuation_draw_a_n1000_20260801.log
790,128,111,164.0,8.689,0.0058,plain:qwen_continuation_draw_a_n1000_20260801.log
791,128,111,164.0,5.366,0.00354,plain:qwen_continuation_draw_a_n1000_20260801.log
792,128,111,164.0,6.669,0.00438,plain:qwen_continuation_draw_a_n1000_20260801.log
793,128,111,165.0,8.753,0.00585,plain:qwen_continuation_draw_a_n1000_20260801.log
794,125,108,164.0,6.327,0.00411,plain:qwen_continuation_draw_a_n1000_20260801.log
795,128,111,164.0,3.694,0.00253,plain:qwen_continuation_draw_a_n1000_20260801.log
796,128,111,164.0,44.507,0.0301,plain:qwen_continuation_draw_a_n1000_20260801.log
797,128,111,164.0,6.571,0.00427,plain:qwen_continuation_draw_a_n1000_20260801.log
798,128,111,164.0,8.466,0.00564,plain:qwen_continuation_draw_a_n1000_20260801.log
799,128,111,165.0,5.304,0.00334,plain:qwen_continuation_draw_a_n1000_20260801.log
800,128,111,164.0,11.168,0.00747,plain:qwen_continuation_draw_a_n1000_20260801.log
801,128,111,163.0,7.612,0.00504,plain:qwen_continuation_draw_a_n1000_20260801.log
802,128,111,164.0,8.384,0.00546,plain:qwen_continuation_draw_a_n1000_20260801.log
803,106,89,156.0,5.735,0.00411,plain:qwen_continuation_draw_a_n1000_20260801.log
804,128,111,164.0,4.465,0.00301,plain:qwen_continuation_draw_a_n1000_20260801.log
805,128,111,164.0,13.432,0.00905,plain:qwen_continuation_draw_a_n1000_20260801.log
806,128,111,164.0,11.695,0.00766,plain:qwen_continuation_draw_a_n1000_20260801.log
807,128,111,164.0,5.268,0.00337,plain:qwen_continuation_draw_a_n1000_20260801.log
808,128,111,164.0,10.445,0.00679,plain:qwen_continuation_draw_a_n1000_20260801.log
809,128,111,164.0,8.198,0.00538,plain:qwen_continuation_draw_a_n1000_20260801.log
810,128,111,163.0,7.736,0.00507,plain:qwen_continuation_draw_a_n1000_20260801.log
811,128,111,164.0,6.624,0.00431,plain:qwen_continuation_draw_a_n1000_20260801.log
812,128,111,164.0,19.358,0.0128,plain:qwen_continuation_draw_a_n1000_20260801.log
813,128,111,163.0,15.263,0.0101,plain:qwen_continuation_draw_a_n1000_20260801.log
814,128,111,164.0,5.663,0.00372,plain:qwen_continuation_draw_a_n1000_20260801.log
815,128,111,164.0,20.767,0.0139,plain:qwen_continuation_draw_a_n1000_20260801.log
816,128,111,164.0,6.077,0.00402,plain:qwen_continuation_draw_a_n1000_20260801.log
817,128,111,165.0,9.694,0.00629,plain:qwen_continuation_draw_a_n1000_20260801.log
818,128,111,164.0,8.484,0.0055,plain:qwen_continuation_draw_a_n1000_20260801.log
819,128,111,164.0,5.19,0.00328,plain:qwen_continuation_draw_a_n1000_20260801.log
820,128,111,164.0,4.288,0.00278,plain:qwen_continuation_draw_a_n1000_20260801.log
821,128,111,164.0,6.34,0.00412,plain:qwen_continuation_draw_a_n1000_20260801.log
822,128,111,164.0,6.411,0.00412,plain:qwen_continuation_draw_a_n1000_20260801.log
823,128,111,164.0,4.168,0.00272,plain:qwen_continuation_draw_a_n1000_20260801.log
824,128,111,165.0,12.672,0.00824,plain:qwen_continuation_draw_a_n1000_20260801.log
825,128,111,164.0,4.152,0.00266,plain:qwen_continuation_draw_a_n1000_20260801.log
826,128,111,164.0,22.623,0.0148,plain:qwen_continuation_draw_a_n1000_20260801.log
827,128,111,164.0,4.446,0.00285,plain:qwen_continuation_draw_a_n1000_20260801.log
828,128,111,164.0,7.869,0.00507,plain:qwen_continuation_draw_a_n1000_20260801.log
829,128,111,164.0,34.864,0.0227,plain:qwen_continuation_draw_a_n1000_20260801.log
830,128,111,164.0,4.902,0.00311,plain:qwen_continuation_draw_a_n1000_20260801.log
831,128,111,163.0,17.932,0.0116,plain:qwen_continuation_draw_a_n1000_20260801.log
832,128,111,164.0,5.502,0.00337,plain:qwen_continuation_draw_a_n1000_20260801.log
833,128,111,164.0,12.989,0.00838,plain:qwen_continuation_draw_a_n1000_20260801.log
834,128,111,164.0,10.524,0.00668,plain:qwen_continuation_draw_a_n1000_20260801.log
835,128,111,165.0,5.737,0.0037,plain:qwen_continuation_draw_a_n1000_20260801.log
836,128,111,164.0,7.462,0.00464,plain:qwen_continuation_draw_a_n1000_20260801.log
837,128,111,164.0,11.813,0.00731,plain:qwen_continuation_draw_a_n1000_20260801.log
838,128,111,164.0,6.726,0.00465,plain:qwen_continuation_draw_a_n1000_20260801.log
839,128,111,164.0,7.424,0.00468,plain:qwen_continuation_draw_a_n1000_20260801.log
840,128,111,163.0,11.559,0.00737,plain:qwen_continuation_draw_a_n1000_20260801.log
841,128,111,164.0,4.49,0.00277,plain:qwen_continuation_draw_a_n1000_20260801.log
842,128,111,164.0,7.791,0.0048,plain:qwen_continuation_draw_a_n1000_20260801.log
843,128,111,164.0,8.026,0.00496,plain:qwen_continuation_draw_a_n1000_20260801.log
844,128,111,165.0,6.267,0.00387,plain:qwen_continuation_draw_a_n1000_20260801.log
845,128,111,165.0,7.249,0.00452,plain:qwen_continuation_draw_a_n1000_20260801.log
846,128,111,163.0,10.948,0.00694,plain:qwen_continuation_draw_a_n1000_20260801.log
847,128,111,164.0,8.405,0.00516,plain:qwen_continuation_draw_a_n1000_20260801.log
848,128,111,164.0,4.039,0.00259,plain:qwen_continuation_draw_a_n1000_20260801.log
849,128,111,163.0,11.13,0.00709,plain:qwen_continuation_draw_a_n1000_20260801.log
850,128,111,164.0,6.093,0.00375,plain:qwen_continuation_draw_a_n1000_20260801.log
851,128,111,164.0,7.493,0.00467,plain:qwen_continuation_draw_a_n1000_20260801.log
852,128,111,164.0,46.224,0.0301,plain:qwen_continuation_draw_a_n1000_20260801.log
853,128,111,164.0,6.102,0.00391,plain:qwen_continuation_draw_a_n1000_20260801.log
854,128,111,164.0,5.848,0.00366,plain:qwen_continuation_draw_a_n1000_20260801.log
855,128,111,164.0,8.059,0.005,plain:qwen_continuation_draw_a_n1000_20260801.log
856,128,111,164.0,5.837,0.00357,plain:qwen_continuation_draw_a_n1000_20260801.log
857,128,111,164.0,4.762,0.00293,plain:qwen_continuation_draw_a_n1000_20260801.log
858,128,111,164.0,7.539,0.00467,plain:qwen_continuation_draw_a_n1000_20260801.log
859,128,111,164.0,5.361,0.0032,plain:qwen_continuation_draw_a_n1000_20260801.log
860,128,111,165.0,6.592,0.00414,plain:qwen_continuation_draw_a_n1000_20260801.log
861,128,111,164.0,8.546,0.00526,plain:qwen_continuation_draw_a_n1000_20260801.log
862,128,111,164.0,10.312,0.00765,plain:qwen_continuation_draw_a_n1000_20260801.log
863,128,111,164.0,12.064,0.00805,plain:qwen_continuation_draw_a_n1000_20260801.log
864,128,111,164.0,14.938,0.0094,plain:qwen_continuation_draw_a_n1000_20260801.log
865,128,111,164.0,5.551,0.00336,plain:qwen_continuation_draw_a_n1000_20260801.log
866,128,111,164.0,4.492,0.00265,plain:qwen_continuation_draw_a_n1000_20260801.log
867,128,111,164.0,11.009,0.00682,plain:qwen_continuation_draw_a_n1000_20260801.log
868,128,111,164.0,36.375,0.0227,plain:qwen_continuation_draw_a_n1000_20260801.log
869,128,111,164.0,6.679,0.00414,plain:qwen_continuation_draw_a_n1000_20260801.log
870,128,111,163.0,8.204,0.00508,plain:qwen_continuation_draw_a_n1000_20260801.log
871,128,111,164.0,16.8,0.0104,plain:qwen_continuation_draw_a_n1000_20260801.log
872,128,111,164.0,6.358,0.0038,plain:qwen_continuation_draw_a_n1000_20260801.log
873,128,111,164.0,17.594,0.0109,plain:qwen_continuation_draw_a_n1000_20260801.log
874,128,111,165.0,10.46,0.00646,plain:qwen_continuation_draw_a_n1000_20260801.log
875,128,111,164.0,5.856,0.00349,plain:qwen_continuation_draw_a_n1000_20260801.log
876,128,111,163.0,4.98,0.00311,plain:qwen_continuation_draw_a_n1000_20260801.log
877,128,111,164.0,4.371,0.00261,plain:qwen_continuation_draw_a_n1000_20260801.log
878,128,111,165.0,10.025,0.00614,plain:qwen_continuation_draw_a_n1000_20260801.log
879,128,111,164.0,8.615,0.00526,plain:qwen_continuation_draw_a_n1000_20260801.log
880,128,111,164.0,13.769,0.00847,plain:qwen_continuation_draw_a_n1000_20260801.log
881,128,111,164.0,9.793,0.00609,plain:qwen_continuation_draw_a_n1000_20260801.log
882,128,111,165.0,8.88,0.00605,plain:qwen_continuation_draw_a_n1000_20260801.log
883,128,111,164.0,5.721,0.00347,plain:qwen_continuation_draw_a_n1000_20260801.log
884,128,111,165.0,6.405,0.00436,plain:qwen_continuation_draw_a_n1000_20260801.log
885,128,111,163.0,7.632,0.00455,plain:qwen_continuation_draw_a_n1000_20260801.log
886,128,111,164.0,6.632,0.0039,plain:qwen_continuation_draw_a_n1000_20260801.log
887,128,111,164.0,7.827,0.0047,plain:qwen_continuation_draw_a_n1000_20260801.log
888,128,111,164.0,22.12,0.0141,plain:qwen_continuation_draw_a_n1000_20260801.log
889,128,111,164.0,7.314,0.00436,plain:qwen_continuation_draw_a_n1000_20260801.log
890,128,111,164.0,11.474,0.0069,plain:qwen_continuation_draw_a_n1000_20260801.log
891,128,111,164.0,8.169,0.00489,plain:qwen_continuation_draw_a_n1000_20260801.log
892,128,111,164.0,5.556,0.00329,plain:qwen_continuation_draw_a_n1000_20260801.log
893,128,111,164.0,5.165,0.00315,plain:qwen_continuation_draw_a_n1000_20260801.log
894,128,111,164.0,4.212,0.00248,plain:qwen_continuation_draw_a_n1000_20260801.log
895,128,111,164.0,4.913,0.00291,plain:qwen_continuation_draw_a_n1000_20260801.log
896,128,111,165.0,8.974,0.00527,plain:qwen_continuation_draw_a_n1000_20260801.log
897,128,111,164.0,8.17,0.00483,plain:qwen_continuation_draw_a_n1000_20260801.log
898,128,111,164.0,19.133,0.0135,plain:qwen_continuation_draw_a_n1000_20260801.log
899,128,111,164.0,11.298,0.0067,plain:qwen_continuation_draw_a_n1000_20260801.log
900,128,111,164.0,14.463,0.00867,plain:qwen_continuation_draw_a_n1000_20260801.log
901,128,111,164.0,29.736,0.022,plain:qwen_continuation_draw_a_n1000_20260801.log
902,128,111,164.0,10.022,0.0059,plain:qwen_continuation_draw_a_n1000_20260801.log
903,128,111,164.0,12.308,0.00736,plain:qwen_continuation_draw_a_n1000_20260801.log
904,128,111,164.0,11.843,0.00705,plain:qwen_continuation_draw_a_n1000_20260801.log
905,128,111,164.0,9.745,0.00583,plain:qwen_continuation_draw_a_n1000_20260801.log
906,128,111,163.0,6.717,0.00396,plain:qwen_continuation_draw_a_n1000_20260801.log
907,128,111,164.0,5.964,0.0035,plain:qwen_continuation_draw_a_n1000_20260801.log
908,128,111,164.0,6.445,0.00373,plain:qwen_continuation_draw_a_n1000_20260801.log
909,128,111,164.0,4.959,0.00289,plain:qwen_continuation_draw_a_n1000_20260801.log
910,128,111,165.0,107.838,0.0686,plain:qwen_continuation_draw_a_n1000_20260801.log
911,128,111,165.0,6.485,0.00368,plain:qwen_continuation_draw_a_n1000_20260801.log
912,128,111,165.0,5.671,0.00328,plain:qwen_continuation_draw_a_n1000_20260801.log
913,128,111,165.0,6.804,0.00398,plain:qwen_continuation_draw_a_n1000_20260801.log
914,128,111,165.0,10.318,0.00605,plain:qwen_continuation_draw_a_n1000_20260801.log
915,128,111,164.0,6.32,0.00364,plain:qwen_continuation_draw_a_n1000_20260801.log
916,128,111,164.0,11.785,0.00698,plain:qwen_continuation_draw_a_n1000_20260801.log
917,128,111,165.0,5.633,0.00328,plain:qwen_continuation_draw_a_n1000_20260801.log
918,128,111,164.0,10.733,0.00633,plain:qwen_continuation_draw_a_n1000_20260801.log
919,128,111,165.0,6.987,0.00389,plain:qwen_continuation_draw_a_n1000_20260801.log
920,128,111,165.0,42.39,0.0251,plain:qwen_continuation_draw_a_n1000_20260801.log
921,128,111,164.0,3.458,0.002,plain:qwen_continuation_draw_a_n1000_20260801.log
922,128,111,166.0,9.839,0.00556,plain:qwen_continuation_draw_a_n1000_20260801.log
923,128,111,165.0,9.292,0.00544,plain:qwen_continuation_draw_a_n1000_20260801.log
924,128,111,165.0,9.598,0.00627,plain:qwen_continuation_draw_a_n1000_20260801.log
925,128,111,166.0,7.608,0.00441,plain:qwen_continuation_draw_a_n1000_20260801.log
926,128,111,165.0,5.866,0.00342,plain:qwen_continuation_draw_a_n1000_20260801.log
927,128,111,164.0,6.54,0.00377,plain:qwen_continuation_draw_a_n1000_20260801.log
928,128,111,166.0,7.908,0.00464,plain:qwen_continuation_draw_a_n1000_20260801.log
929,128,111,166.0,8.309,0.00471,plain:qwen_continuation_draw_a_n1000_20260801.log
930,128,111,165.0,8.071,0.00468,plain:qwen_continuation_draw_a_n1000_20260801.log
931,128,111,165.0,5.626,0.00349,plain:qwen_continuation_draw_a_n1000_20260801.log
932,128,111,165.0,64.779,0.0437,plain:qwen_continuation_draw_a_n1000_20260801.log
933,128,111,164.0,18.402,0.0112,plain:qwen_continuation_draw_a_n1000_20260801.log
934,128,111,164.0,9.641,0.00557,plain:qwen_continuation_draw_a_n1000_20260801.log
935,128,111,164.0,6.35,0.0036,plain:qwen_continuation_draw_a_n1000_20260801.log
936,128,111,164.0,11.968,0.00692,plain:qwen_continuation_draw_a_n1000_20260801.log
937,128,111,164.0,54.797,0.0341,plain:qwen_continuation_draw_a_n1000_20260801.log
938,128,111,164.0,22.197,0.0134,plain:qwen_continuation_draw_a_n1000_20260801.log
939,128,111,164.0,15.966,0.0092,plain:qwen_continuation_draw_a_n1000_20260801.log
940,128,111,164.0,4.78,0.00256,plain:qwen_continuation_draw_a_n1000_20260801.log
941,128,111,164.0,12.128,0.00686,plain:qwen_continuation_draw_a_n1000_20260801.log
942,128,111,164.0,7.963,0.00452,plain:qwen_continuation_draw_a_n1000_20260801.log
943,128,111,164.0,7.402,0.00414,plain:qwen_continuation_draw_a_n1000_20260801.log
944,128,111,165.0,5.346,0.00295,plain:qwen_continuation_draw_a_n1000_20260801.log
945,128,111,164.0,11.19,0.00623,plain:qwen_continuation_draw_a_n1000_20260801.log
946,128,111,164.0,13.994,0.00793,plain:qwen_continuation_draw_a_n1000_20260801.log
947,128,111,165.0,5.13,0.00283,plain:qwen_continuation_draw_a_n1000_20260801.log
948,128,111,164.0,6.746,0.00385,plain:qwen_continuation_draw_a_n1000_20260801.log
949,128,111,165.0,4.26,0.00238,plain:qwen_continuation_draw_a_n1000_20260801.log
950,128,111,164.0,6.454,0.00356,plain:qwen_continuation_draw_a_n1000_20260801.log
951,128,111,164.0,7.722,0.00432,plain:qwen_continuation_draw_a_n1000_20260801.log
952,128,111,165.0,5.288,0.00302,plain:qwen_continuation_draw_a_n1000_20260801.log
953,128,111,164.0,8.588,0.00482,plain:qwen_continuation_draw_a_n1000_20260801.log
954,128,111,164.0,4.578,0.00257,plain:qwen_continuation_draw_a_n1000_20260801.log
955,128,111,165.0,6.633,0.00366,plain:qwen_continuation_draw_a_n1000_20260801.log
956,128,111,164.0,3.89,0.00213,plain:qwen_continuation_draw_a_n1000_20260801.log
957,128,111,164.0,7.516,0.00411,plain:qwen_continuation_draw_a_n1000_20260801.log
958,128,111,165.0,6.997,0.00386,plain:qwen_continuation_draw_a_n1000_20260801.log
959,128,111,164.0,8.775,0.00492,plain:qwen_continuation_draw_a_n1000_20260801.log
960,128,111,164.0,54.989,0.0313,plain:qwen_continuation_draw_a_n1000_20260801.log
961,128,111,164.0,6.089,0.00338,plain:qwen_continuation_draw_a_n1000_20260801.log
962,128,111,164.0,9.12,0.00494,plain:qwen_continuation_draw_a_n1000_20260801.log
963,128,111,164.0,6.474,0.00352,plain:qwen_continuation_draw_a_n1000_20260801.log
964,128,111,164.0,9.405,0.0053,plain:qwen_continuation_draw_a_n1000_20260801.log
965,128,111,164.0,8.776,0.00487,plain:qwen_continuation_draw_a_n1000_20260801.log
966,128,111,164.0,7.693,0.00434,plain:qwen_continuation_draw_a_n1000_20260801.log
967,128,111,164.0,7.674,0.00426,plain:qwen_continuation_draw_a_n1000_20260801.log
968,128,111,164.0,4.703,0.00252,plain:qwen_continuation_draw_a_n1000_20260801.log
969,128,111,164.0,7.87,0.00429,plain:qwen_continuation_draw_a_n1000_20260801.log
970,128,111,164.0,5.253,0.00278,plain:qwen_continuation_draw_a_n1000_20260801.log
971,128,111,164.0,14.504,0.0082,plain:qwen_continuation_draw_a_n1000_20260801.log
972,128,111,164.0,15.761,0.00879,plain:qwen_continuation_draw_a_n1000_20260801.log
973,128,111,164.0,8.103,0.00443,plain:qwen_continuation_draw_a_n1000_20260801.log
974,128,111,164.0,10.365,0.00573,plain:qwen_continuation_draw_a_n1000_20260801.log
975,128,111,164.0,13.785,0.00769,plain:qwen_continuation_draw_a_n1000_20260801.log
976,128,111,164.0,6.904,0.00387,plain:qwen_continuation_draw_a_n1000_20260801.log
977,128,111,164.0,12.178,0.0067,plain:qwen_continuation_draw_a_n1000_20260801.log
978,128,111,164.0,12.889,0.00703,plain:qwen_continuation_draw_a_n1000_20260801.log
979,128,111,165.0,7.775,0.00416,plain:qwen_continuation_draw_a_n1000_20260801.log
980,128,111,164.0,9.884,0.00545,plain:qwen_continuation_draw_a_n1000_20260801.log
981,128,111,164.0,4.802,0.00258,plain:qwen_continuation_draw_a_n1000_20260801.log
982,128,111,165.0,6.055,0.00335,plain:qwen_continuation_draw_a_n1000_20260801.log
983,128,111,165.0,5.215,0.00282,plain:qwen_continuation_draw_a_n1000_20260801.log
984,128,111,164.0,9.285,0.00506,plain:qwen_continuation_draw_a_n1000_20260801.log
985,128,111,165.0,5.057,0.00267,plain:qwen_continuation_draw_a_n1000_20260801.log
986,128,111,164.0,7.589,0.0041,plain:qwen_continuation_draw_a_n1000_20260801.log
987,128,111,164.0,110.834,0.0614,plain:qwen_continuation_draw_a_n1000_20260801.log
988,128,111,164.0,7.581,0.00413,plain:qwen_continuation_draw_a_n1000_20260801.log
989,128,111,164.0,4.625,0.00251,plain:qwen_continuation_draw_a_n1000_20260801.log
990,128,111,164.0,25.433,0.014,plain:qwen_continuation_draw_a_n1000_20260801.log
991,128,111,165.0,6.983,0.00375,plain:qwen_continuation_draw_a_n1000_20260801.log
992,128,111,165.0,17.244,0.00944,plain:qwen_continuation_draw_a_n1000_20260801.log
993,128,111,164.0,40.496,0.0231,plain:qwen_continuation_draw_a_n1000_20260801.log
994,128,111,165.0,5.307,0.00292,plain:qwen_continuation_draw_a_n1000_20260801.log
995,128,111,164.0,48.697,0.0268,plain:qwen_continuation_draw_a_n1000_20260801.log
996,128,111,164.0,9.748,0.00521,plain:qwen_continuation_draw_a_n1000_20260801.log
997,128,111,165.0,11.978,0.00648,plain:qwen_continuation_draw_a_n1000_20260801.log
998,128,111,165.0,10.139,0.00543,plain:qwen_continuation_draw_a_n1000_20260801.log
999,128,111,164.0,8.384,0.00451,plain:qwen_continuation_draw_a_n1000_20260801.log
1000,128,111,165.0,22.995,0.0135,plain:qwen_continuation_draw_a_n1000_20260801.log
