layer,metric,value,classification,source_evidence_id
L22,local_tangent_classification,local_tangent_mismatch,local_tangent_mismatch,gm-jvp-gemma-stage1-v1
L22,smallest_primary_n_evaluable,12,local_tangent_mismatch,gm-jvp-gemma-stage1-v1
L22,smallest_primary_n_pass,0,local_tangent_mismatch,gm-jvp-gemma-stage1-v1
L22,smallest_primary_pass_fraction,0.0,local_tangent_mismatch,gm-jvp-gemma-stage1-v1
L22,declared_dose_n_evaluable,12,local_tangent_mismatch,gm-jvp-gemma-stage1-v1
L22,declared_dose_n_pass,0,local_tangent_mismatch,gm-jvp-gemma-stage1-v1
L22,smallest_primary_median_tangent_cosine,0.13528484851121902,local_tangent_mismatch,gm-jvp-gemma-stage1-v1
L22,smallest_primary_median_tangent_relative_error,1.0166672077743184,local_tangent_mismatch,gm-jvp-gemma-stage1-v1
L22,smallest_primary_median_gain,0.6732769000175445,local_tangent_mismatch,gm-jvp-gemma-stage1-v1
L22,declared_dose_median_tangent_cosine,0.038894698955118656,local_tangent_mismatch,gm-jvp-gemma-stage1-v1
L22,declared_dose_median_tangent_relative_error,1.3569144747808446,local_tangent_mismatch,gm-jvp-gemma-stage1-v1
L22,declared_dose_median_gain,0.997677616941272,local_tangent_mismatch,gm-jvp-gemma-stage1-v1
L22,declared_dose_bootstrap_tre_estimate,1.3569144747808446,local_tangent_mismatch,gm-jvp-gemma-stage1-v1
L22,declared_dose_bootstrap_tre_ci95_low,1.0132873480989342,local_tangent_mismatch,gm-jvp-gemma-stage1-v1
L22,declared_dose_bootstrap_tre_ci95_high,3.3355853856392974,local_tangent_mismatch,gm-jvp-gemma-stage1-v1
L30,local_tangent_classification,local_tangent_mismatch,local_tangent_mismatch,gm-jvp-gemma-stage1-v1
L30,smallest_primary_n_evaluable,13,local_tangent_mismatch,gm-jvp-gemma-stage1-v1
L30,smallest_primary_n_pass,0,local_tangent_mismatch,gm-jvp-gemma-stage1-v1
L30,smallest_primary_pass_fraction,0.0,local_tangent_mismatch,gm-jvp-gemma-stage1-v1
L30,declared_dose_n_evaluable,12,local_tangent_mismatch,gm-jvp-gemma-stage1-v1
L30,declared_dose_n_pass,0,local_tangent_mismatch,gm-jvp-gemma-stage1-v1
L30,smallest_primary_median_tangent_cosine,0.8690659999847412,local_tangent_mismatch,gm-jvp-gemma-stage1-v1
L30,smallest_primary_median_tangent_relative_error,0.5057519914470996,local_tangent_mismatch,gm-jvp-gemma-stage1-v1
L30,smallest_primary_median_gain,0.9878804429720783,local_tangent_mismatch,gm-jvp-gemma-stage1-v1
L30,declared_dose_median_tangent_cosine,0.2811876982450485,local_tangent_mismatch,gm-jvp-gemma-stage1-v1
L30,declared_dose_median_tangent_relative_error,1.6687726113611407,local_tangent_mismatch,gm-jvp-gemma-stage1-v1
L30,declared_dose_median_gain,1.706597646612813,local_tangent_mismatch,gm-jvp-gemma-stage1-v1
L30,declared_dose_bootstrap_tre_estimate,1.572969058591358,local_tangent_mismatch,gm-jvp-gemma-stage1-v1
L30,declared_dose_bootstrap_tre_ci95_low,1.4457852496973689,local_tangent_mismatch,gm-jvp-gemma-stage1-v1
L30,declared_dose_bootstrap_tre_ci95_high,1.8705856100689189,local_tangent_mismatch,gm-jvp-gemma-stage1-v1
L37,local_tangent_classification,local_tangent_mismatch,local_tangent_mismatch,gm-jvp-gemma-stage1-v1
L37,smallest_primary_n_evaluable,12,local_tangent_mismatch,gm-jvp-gemma-stage1-v1
L37,smallest_primary_n_pass,0,local_tangent_mismatch,gm-jvp-gemma-stage1-v1
L37,smallest_primary_pass_fraction,0.0,local_tangent_mismatch,gm-jvp-gemma-stage1-v1
L37,declared_dose_n_evaluable,12,local_tangent_mismatch,gm-jvp-gemma-stage1-v1
L37,declared_dose_n_pass,0,local_tangent_mismatch,gm-jvp-gemma-stage1-v1
L37,smallest_primary_median_tangent_cosine,0.20398596674203873,local_tangent_mismatch,gm-jvp-gemma-stage1-v1
L37,smallest_primary_median_tangent_relative_error,1.4961038790438317,local_tangent_mismatch,gm-jvp-gemma-stage1-v1
L37,smallest_primary_median_gain,1.397148670725323,local_tangent_mismatch,gm-jvp-gemma-stage1-v1
L37,declared_dose_median_tangent_cosine,-0.06218847259879112,local_tangent_mismatch,gm-jvp-gemma-stage1-v1
L37,declared_dose_median_tangent_relative_error,3.7577987850518726,local_tangent_mismatch,gm-jvp-gemma-stage1-v1
L37,declared_dose_median_gain,3.559061522576139,local_tangent_mismatch,gm-jvp-gemma-stage1-v1
L37,declared_dose_bootstrap_tre_estimate,3.5249945517148014,local_tangent_mismatch,gm-jvp-gemma-stage1-v1
L37,declared_dose_bootstrap_tre_ci95_low,3.1314209956894814,local_tangent_mismatch,gm-jvp-gemma-stage1-v1
L37,declared_dose_bootstrap_tre_ci95_high,4.158700986575693,local_tangent_mismatch,gm-jvp-gemma-stage1-v1
L44,local_tangent_classification,local_tangent_mismatch,local_tangent_mismatch,gm-jvp-gemma-stage1-v1
L44,smallest_primary_n_evaluable,13,local_tangent_mismatch,gm-jvp-gemma-stage1-v1
L44,smallest_primary_n_pass,0,local_tangent_mismatch,gm-jvp-gemma-stage1-v1
L44,smallest_primary_pass_fraction,0.0,local_tangent_mismatch,gm-jvp-gemma-stage1-v1
L44,declared_dose_n_evaluable,12,local_tangent_mismatch,gm-jvp-gemma-stage1-v1
L44,declared_dose_n_pass,0,local_tangent_mismatch,gm-jvp-gemma-stage1-v1
L44,smallest_primary_median_tangent_cosine,0.07506579160690308,local_tangent_mismatch,gm-jvp-gemma-stage1-v1
L44,smallest_primary_median_tangent_relative_error,1.3979289043814298,local_tangent_mismatch,gm-jvp-gemma-stage1-v1
L44,smallest_primary_median_gain,1.069198053648827,local_tangent_mismatch,gm-jvp-gemma-stage1-v1
L44,declared_dose_median_tangent_cosine,0.10403545945882797,local_tangent_mismatch,gm-jvp-gemma-stage1-v1
L44,declared_dose_median_tangent_relative_error,5.364652422353116,local_tangent_mismatch,gm-jvp-gemma-stage1-v1
L44,declared_dose_median_gain,5.475754816521031,local_tangent_mismatch,gm-jvp-gemma-stage1-v1
L44,declared_dose_bootstrap_tre_estimate,5.364652422353116,local_tangent_mismatch,gm-jvp-gemma-stage1-v1
L44,declared_dose_bootstrap_tre_ci95_low,5.173569741121466,local_tangent_mismatch,gm-jvp-gemma-stage1-v1
L44,declared_dose_bootstrap_tre_ci95_high,6.29218961902985,local_tangent_mismatch,gm-jvp-gemma-stage1-v1
L52,local_tangent_classification,local_tangent_mismatch,local_tangent_mismatch,gm-jvp-gemma-stage1-v1
L52,smallest_primary_n_evaluable,14,local_tangent_mismatch,gm-jvp-gemma-stage1-v1
L52,smallest_primary_n_pass,1,local_tangent_mismatch,gm-jvp-gemma-stage1-v1
L52,smallest_primary_pass_fraction,0.07142857142857142,local_tangent_mismatch,gm-jvp-gemma-stage1-v1
L52,declared_dose_n_evaluable,12,local_tangent_mismatch,gm-jvp-gemma-stage1-v1
L52,declared_dose_n_pass,0,local_tangent_mismatch,gm-jvp-gemma-stage1-v1
L52,smallest_primary_median_tangent_cosine,0.19507496058940887,local_tangent_mismatch,gm-jvp-gemma-stage1-v1
L52,smallest_primary_median_tangent_relative_error,2.0608195114706813,local_tangent_mismatch,gm-jvp-gemma-stage1-v1
L52,smallest_primary_median_gain,2.10797836410616,local_tangent_mismatch,gm-jvp-gemma-stage1-v1
L52,declared_dose_median_tangent_cosine,0.1382116936147213,local_tangent_mismatch,gm-jvp-gemma-stage1-v1
L52,declared_dose_median_tangent_relative_error,4.441375243665926,local_tangent_mismatch,gm-jvp-gemma-stage1-v1
L52,declared_dose_median_gain,4.33053902449931,local_tangent_mismatch,gm-jvp-gemma-stage1-v1
L52,declared_dose_bootstrap_tre_estimate,4.385608721499301,local_tangent_mismatch,gm-jvp-gemma-stage1-v1
L52,declared_dose_bootstrap_tre_ci95_low,4.010356274283009,local_tangent_mismatch,gm-jvp-gemma-stage1-v1
L52,declared_dose_bootstrap_tre_ci95_high,5.033870017291542,local_tangent_mismatch,gm-jvp-gemma-stage1-v1
"OLMo-late-anchors(L56,L60)",declared_dose_median_tangent_relative_error,0.1109976417674865,control_transport_pass,gm-jvp-olmo-positive-control-v1
"OLMo-late-anchors(L56,L60)",declared_dose_median_tangent_cosine,0.9938695132732391,control_transport_pass,gm-jvp-olmo-positive-control-v1
"OLMo-late-anchors(L56,L60)",declared_dose_pass_fraction,1.0,control_transport_pass,gm-jvp-olmo-positive-control-v1
"OLMo-late-anchors(L56,L60)",positive_control_pass,True,control_transport_pass,gm-jvp-olmo-positive-control-v1
OLMo-shallow(L4),declared_dose_median_tangent_relative_error,0.7412546563037056,control_shallow_reference,gm-jvp-olmo-positive-control-v1
all-slots(batch8),study1_backend_all_slot_relative_error,0.002458111383020878,backend_disagreement_reference,gm-jvp-gemma-backend-parity-v1
pooled(936 rows),study2_backend_disagreement_q99,0.026234563004519824,backend_disagreement_reference,gm2-backend-parity-calibration-v1
pooled(936 rows),study2_frozen_backend_ceiling,0.07870368901355948,backend_disagreement_reference,gm2-backend-parity-calibration-v1
