checkpoint,metric_class,metric,frame,cohort,value,tier,source_evidence_id
olmo3-base,capacity,occupancy_median_L24,own,dev_corpus_7481pos,2,development,ol-capacity-olmo3-base-dev-v1
olmo3-base,capacity,centered_excess_L24,own,dev_corpus_7481pos,-0.00013672313294466054,development,ol-capacity-olmo3-base-dev-v1
olmo3-base,capacity,centered_excess_ci90_low_L24,own,dev_corpus_7481pos,-0.0007022224375334397,development,ol-capacity-olmo3-base-dev-v1
olmo3-base,capacity,centered_excess_ci90_high_L24,own,dev_corpus_7481pos,0.00043722214311550097,development,ol-capacity-olmo3-base-dev-v1
olmo3-base,capacity,occupancy_median_L24,base_common,dev_corpus_7481pos,2,development,ol-capacity-olmo3-base-dev-v1
olmo3-base,capacity,centered_excess_L24,base_common,dev_corpus_7481pos,-0.00013672313294466054,development,ol-capacity-olmo3-base-dev-v1
olmo3-base,capacity,centered_excess_ci90_low_L24,base_common,dev_corpus_7481pos,-0.0007022224375334397,development,ol-capacity-olmo3-base-dev-v1
olmo3-base,capacity,centered_excess_ci90_high_L24,base_common,dev_corpus_7481pos,0.00043722214311550097,development,ol-capacity-olmo3-base-dev-v1
olmo3-base,capacity,occupancy_median_L32,own,dev_corpus_7481pos,2,development,ol-capacity-olmo3-base-dev-v1
olmo3-base,capacity,centered_excess_L32,own,dev_corpus_7481pos,0.0031511520297778555,development,ol-capacity-olmo3-base-dev-v1
olmo3-base,capacity,centered_excess_ci90_low_L32,own,dev_corpus_7481pos,0.002655532218255289,development,ol-capacity-olmo3-base-dev-v1
olmo3-base,capacity,centered_excess_ci90_high_L32,own,dev_corpus_7481pos,0.003640689891287012,development,ol-capacity-olmo3-base-dev-v1
olmo3-base,capacity,occupancy_median_L32,base_common,dev_corpus_7481pos,2,development,ol-capacity-olmo3-base-dev-v1
olmo3-base,capacity,centered_excess_L32,base_common,dev_corpus_7481pos,0.0031511520297778555,development,ol-capacity-olmo3-base-dev-v1
olmo3-base,capacity,centered_excess_ci90_low_L32,base_common,dev_corpus_7481pos,0.002655532218255289,development,ol-capacity-olmo3-base-dev-v1
olmo3-base,capacity,centered_excess_ci90_high_L32,base_common,dev_corpus_7481pos,0.003640689891287012,development,ol-capacity-olmo3-base-dev-v1
olmo3-base,capacity,occupancy_median_L40,own,dev_corpus_7481pos,2,development,ol-capacity-olmo3-base-dev-v1
olmo3-base,capacity,centered_excess_L40,own,dev_corpus_7481pos,0.005896413416972668,development,ol-capacity-olmo3-base-dev-v1
olmo3-base,capacity,centered_excess_ci90_low_L40,own,dev_corpus_7481pos,0.005342077603345652,development,ol-capacity-olmo3-base-dev-v1
olmo3-base,capacity,centered_excess_ci90_high_L40,own,dev_corpus_7481pos,0.006497496556063868,development,ol-capacity-olmo3-base-dev-v1
olmo3-base,capacity,occupancy_median_L40,base_common,dev_corpus_7481pos,2,development,ol-capacity-olmo3-base-dev-v1
olmo3-base,capacity,centered_excess_L40,base_common,dev_corpus_7481pos,0.005896413416972668,development,ol-capacity-olmo3-base-dev-v1
olmo3-base,capacity,centered_excess_ci90_low_L40,base_common,dev_corpus_7481pos,0.005342077603345652,development,ol-capacity-olmo3-base-dev-v1
olmo3-base,capacity,centered_excess_ci90_high_L40,base_common,dev_corpus_7481pos,0.006497496556063868,development,ol-capacity-olmo3-base-dev-v1
olmo3-think,capacity,occupancy_median_L24,own,dev_corpus_7481pos,2,development,ol-capacity-olmo3-think-dev-v1
olmo3-think,capacity,centered_excess_L24,own,dev_corpus_7481pos,0.0006497844820475178,development,ol-capacity-olmo3-think-dev-v1
olmo3-think,capacity,centered_excess_ci90_low_L24,own,dev_corpus_7481pos,0.00040538316280861456,development,ol-capacity-olmo3-think-dev-v1
olmo3-think,capacity,centered_excess_ci90_high_L24,own,dev_corpus_7481pos,0.0009218031744713769,development,ol-capacity-olmo3-think-dev-v1
olmo3-think,capacity,occupancy_median_L24,base_common,dev_corpus_7481pos,2,development,ol-capacity-olmo3-think-dev-v1
olmo3-think,capacity,centered_excess_L24,base_common,dev_corpus_7481pos,-0.000770205311250975,development,ol-capacity-olmo3-think-dev-v1
olmo3-think,capacity,centered_excess_ci90_low_L24,base_common,dev_corpus_7481pos,-0.001239403320102263,development,ol-capacity-olmo3-think-dev-v1
olmo3-think,capacity,centered_excess_ci90_high_L24,base_common,dev_corpus_7481pos,-0.00029999735757796564,development,ol-capacity-olmo3-think-dev-v1
olmo3-think,capacity,occupancy_median_L32,own,dev_corpus_7481pos,2,development,ol-capacity-olmo3-think-dev-v1
olmo3-think,capacity,centered_excess_L32,own,dev_corpus_7481pos,0.0033914125213099595,development,ol-capacity-olmo3-think-dev-v1
olmo3-think,capacity,centered_excess_ci90_low_L32,own,dev_corpus_7481pos,0.0030413138443344014,development,ol-capacity-olmo3-think-dev-v1
olmo3-think,capacity,centered_excess_ci90_high_L32,own,dev_corpus_7481pos,0.00378678950752039,development,ol-capacity-olmo3-think-dev-v1
olmo3-think,capacity,occupancy_median_L32,base_common,dev_corpus_7481pos,2,development,ol-capacity-olmo3-think-dev-v1
olmo3-think,capacity,centered_excess_L32,base_common,dev_corpus_7481pos,0.0017593389518303732,development,ol-capacity-olmo3-think-dev-v1
olmo3-think,capacity,centered_excess_ci90_low_L32,base_common,dev_corpus_7481pos,0.0013737064856829625,development,ol-capacity-olmo3-think-dev-v1
olmo3-think,capacity,centered_excess_ci90_high_L32,base_common,dev_corpus_7481pos,0.0021428230685582622,development,ol-capacity-olmo3-think-dev-v1
olmo3-think,capacity,occupancy_median_L40,own,dev_corpus_7481pos,2,development,ol-capacity-olmo3-think-dev-v1
olmo3-think,capacity,centered_excess_L40,own,dev_corpus_7481pos,0.005330957805199173,development,ol-capacity-olmo3-think-dev-v1
olmo3-think,capacity,centered_excess_ci90_low_L40,own,dev_corpus_7481pos,0.004909490068318245,development,ol-capacity-olmo3-think-dev-v1
olmo3-think,capacity,centered_excess_ci90_high_L40,own,dev_corpus_7481pos,0.005790655142513327,development,ol-capacity-olmo3-think-dev-v1
olmo3-think,capacity,occupancy_median_L40,base_common,dev_corpus_7481pos,2,development,ol-capacity-olmo3-think-dev-v1
olmo3-think,capacity,centered_excess_L40,base_common,dev_corpus_7481pos,0.0036849596416851,development,ol-capacity-olmo3-think-dev-v1
olmo3-think,capacity,centered_excess_ci90_low_L40,base_common,dev_corpus_7481pos,0.003253495247835366,development,ol-capacity-olmo3-think-dev-v1
olmo3-think,capacity,centered_excess_ci90_high_L40,base_common,dev_corpus_7481pos,0.004133072385326355,development,ol-capacity-olmo3-think-dev-v1
olmo31-think,capacity,occupancy_median_L24,own,dev_corpus_7481pos,2,development,ol-capacity-olmo31-think-dev-v1
olmo31-think,capacity,centered_excess_L24,own,dev_corpus_7481pos,0.0006249463564861335,development,ol-capacity-olmo31-think-dev-v1
olmo31-think,capacity,centered_excess_ci90_low_L24,own,dev_corpus_7481pos,0.00036728370386780637,development,ol-capacity-olmo31-think-dev-v1
olmo31-think,capacity,centered_excess_ci90_high_L24,own,dev_corpus_7481pos,0.0009022614378054167,development,ol-capacity-olmo31-think-dev-v1
olmo31-think,capacity,occupancy_median_L24,base_common,dev_corpus_7481pos,2,development,ol-capacity-olmo31-think-dev-v1
olmo31-think,capacity,centered_excess_L24,base_common,dev_corpus_7481pos,-0.0007786237622330328,development,ol-capacity-olmo31-think-dev-v1
olmo31-think,capacity,centered_excess_ci90_low_L24,base_common,dev_corpus_7481pos,-0.0012485899244816373,development,ol-capacity-olmo31-think-dev-v1
olmo31-think,capacity,centered_excess_ci90_high_L24,base_common,dev_corpus_7481pos,-0.0003045907289324804,development,ol-capacity-olmo31-think-dev-v1
olmo31-think,capacity,occupancy_median_L32,own,dev_corpus_7481pos,2,development,ol-capacity-olmo31-think-dev-v1
olmo31-think,capacity,centered_excess_L32,own,dev_corpus_7481pos,0.0032746346296715174,development,ol-capacity-olmo31-think-dev-v1
olmo31-think,capacity,centered_excess_ci90_low_L32,own,dev_corpus_7481pos,0.002928488019112374,development,ol-capacity-olmo31-think-dev-v1
olmo31-think,capacity,centered_excess_ci90_high_L32,own,dev_corpus_7481pos,0.0036652290302171277,development,ol-capacity-olmo31-think-dev-v1
olmo31-think,capacity,occupancy_median_L32,base_common,dev_corpus_7481pos,2,development,ol-capacity-olmo31-think-dev-v1
olmo31-think,capacity,centered_excess_L32,base_common,dev_corpus_7481pos,0.0016926802227582955,development,ol-capacity-olmo31-think-dev-v1
olmo31-think,capacity,centered_excess_ci90_low_L32,base_common,dev_corpus_7481pos,0.0013013583814509898,development,ol-capacity-olmo31-think-dev-v1
olmo31-think,capacity,centered_excess_ci90_high_L32,base_common,dev_corpus_7481pos,0.002073694750740618,development,ol-capacity-olmo31-think-dev-v1
olmo31-think,capacity,occupancy_median_L40,own,dev_corpus_7481pos,2,development,ol-capacity-olmo31-think-dev-v1
olmo31-think,capacity,centered_excess_L40,own,dev_corpus_7481pos,0.005192129113993508,development,ol-capacity-olmo31-think-dev-v1
olmo31-think,capacity,centered_excess_ci90_low_L40,own,dev_corpus_7481pos,0.004773115379243063,development,ol-capacity-olmo31-think-dev-v1
olmo31-think,capacity,centered_excess_ci90_high_L40,own,dev_corpus_7481pos,0.005635222405825235,development,ol-capacity-olmo31-think-dev-v1
olmo31-think,capacity,occupancy_median_L40,base_common,dev_corpus_7481pos,2,development,ol-capacity-olmo31-think-dev-v1
olmo31-think,capacity,centered_excess_L40,base_common,dev_corpus_7481pos,0.0035805984761363803,development,ol-capacity-olmo31-think-dev-v1
olmo31-think,capacity,centered_excess_ci90_low_L40,base_common,dev_corpus_7481pos,0.0031437139747981326,development,ol-capacity-olmo31-think-dev-v1
olmo31-think,capacity,centered_excess_ci90_high_L40,base_common,dev_corpus_7481pos,0.004029296209904983,development,ol-capacity-olmo31-think-dev-v1
olmo31-instruct,capacity,occupancy_median_L24,own,dev_corpus_7481pos,2,development,ol-capacity-olmo31-instruct-dev-v1
olmo31-instruct,capacity,centered_excess_L24,own,dev_corpus_7481pos,-0.0001568944959065748,development,ol-capacity-olmo31-instruct-dev-v1
olmo31-instruct,capacity,centered_excess_ci90_low_L24,own,dev_corpus_7481pos,-0.0004117904541033147,development,ol-capacity-olmo31-instruct-dev-v1
olmo31-instruct,capacity,centered_excess_ci90_high_L24,own,dev_corpus_7481pos,0.00010581554668528365,development,ol-capacity-olmo31-instruct-dev-v1
olmo31-instruct,capacity,occupancy_median_L24,base_common,dev_corpus_7481pos,2,development,ol-capacity-olmo31-instruct-dev-v1
olmo31-instruct,capacity,centered_excess_L24,base_common,dev_corpus_7481pos,-0.0008271996137973652,development,ol-capacity-olmo31-instruct-dev-v1
olmo31-instruct,capacity,centered_excess_ci90_low_L24,base_common,dev_corpus_7481pos,-0.0012761824714710135,development,ol-capacity-olmo31-instruct-dev-v1
olmo31-instruct,capacity,centered_excess_ci90_high_L24,base_common,dev_corpus_7481pos,-0.00037452887174677254,development,ol-capacity-olmo31-instruct-dev-v1
olmo31-instruct,capacity,occupancy_median_L32,own,dev_corpus_7481pos,2,development,ol-capacity-olmo31-instruct-dev-v1
olmo31-instruct,capacity,centered_excess_L32,own,dev_corpus_7481pos,0.00261503763707549,development,ol-capacity-olmo31-instruct-dev-v1
olmo31-instruct,capacity,centered_excess_ci90_low_L32,own,dev_corpus_7481pos,0.0022466728101391926,development,ol-capacity-olmo31-instruct-dev-v1
olmo31-instruct,capacity,centered_excess_ci90_high_L32,own,dev_corpus_7481pos,0.0030228074213378545,development,ol-capacity-olmo31-instruct-dev-v1
olmo31-instruct,capacity,occupancy_median_L32,base_common,dev_corpus_7481pos,2,development,ol-capacity-olmo31-instruct-dev-v1
olmo31-instruct,capacity,centered_excess_L32,base_common,dev_corpus_7481pos,0.0016734888802244496,development,ol-capacity-olmo31-instruct-dev-v1
olmo31-instruct,capacity,centered_excess_ci90_low_L32,base_common,dev_corpus_7481pos,0.001305294118839219,development,ol-capacity-olmo31-instruct-dev-v1
olmo31-instruct,capacity,centered_excess_ci90_high_L32,base_common,dev_corpus_7481pos,0.002027720207084851,development,ol-capacity-olmo31-instruct-dev-v1
olmo31-instruct,capacity,occupancy_median_L40,own,dev_corpus_7481pos,2,development,ol-capacity-olmo31-instruct-dev-v1
olmo31-instruct,capacity,centered_excess_L40,own,dev_corpus_7481pos,0.00471640214698225,development,ol-capacity-olmo31-instruct-dev-v1
olmo31-instruct,capacity,centered_excess_ci90_low_L40,own,dev_corpus_7481pos,0.004285577756556195,development,ol-capacity-olmo31-instruct-dev-v1
olmo31-instruct,capacity,centered_excess_ci90_high_L40,own,dev_corpus_7481pos,0.005206797210680823,development,ol-capacity-olmo31-instruct-dev-v1
olmo31-instruct,capacity,occupancy_median_L40,base_common,dev_corpus_7481pos,2,development,ol-capacity-olmo31-instruct-dev-v1
olmo31-instruct,capacity,centered_excess_L40,base_common,dev_corpus_7481pos,0.003525582098874473,development,ol-capacity-olmo31-instruct-dev-v1
olmo31-instruct,capacity,centered_excess_ci90_low_L40,base_common,dev_corpus_7481pos,0.0031092619112859433,development,ol-capacity-olmo31-instruct-dev-v1
olmo31-instruct,capacity,centered_excess_ci90_high_L40,base_common,dev_corpus_7481pos,0.003956141225859692,development,ol-capacity-olmo31-instruct-dev-v1
lineage,capacity,lineage_verdict,own,equal_layer_headline,broadly_conserved_capacity_recruitment_consistent,development,ol-capacity-joint-dev-v1
olmo3-base__olmo3-think,capacity,centered_excess_equal_layer_difference,own,equal_layer_headline,0.0001537708315835958,development,ol-capacity-joint-dev-v1
olmo3-base__olmo3-think,capacity,occupancy_equal_layer_difference,own,equal_layer_headline,0,development,ol-capacity-joint-dev-v1
olmo3-base__olmo3-think,geometry,raw_matrix_cosine_q50_layers,pair,lens_layers_21,0.9614307880401611,development,ol-geometry-joint-dev-v1
olmo3-base__olmo3-think,geometry,mapped_token_cosine_q50_q50_layers,pair,lens_layers_21,0.6744382977485657,development,ol-geometry-joint-dev-v1
olmo3-base__olmo3-think,geometry,mapped_token_centered_linear_cka_q50_layers,pair,lens_layers_21,0.8896088004112244,development,ol-geometry-joint-dev-v1
olmo3-base__olmo3-think,geometry,selected_id_jaccard_q50_q50_layers,pair,assay_layers_3,0.3333333333333333,development,ol-geometry-joint-dev-v1
olmo3-base__olmo3-think,geometry,projector_overlap_q50_q50_layers,pair,assay_layers_3,0.3335628807544708,development,ol-geometry-joint-dev-v1
olmo3-base__olmo3-think,geometry,persistent_direction_jaccard_q50_layers,pair,assay_layers_3,0.5833333333333334,development,ol-geometry-joint-dev-v1
olmo3-base__olmo31-instruct,geometry,raw_matrix_cosine_q50_layers,pair,lens_layers_21,0.9522899389266968,development,ol-geometry-joint-dev-v1
olmo3-base__olmo31-instruct,geometry,mapped_token_cosine_q50_q50_layers,pair,lens_layers_21,0.5445132851600647,development,ol-geometry-joint-dev-v1
olmo3-base__olmo31-instruct,geometry,mapped_token_centered_linear_cka_q50_layers,pair,lens_layers_21,0.8750407099723816,development,ol-geometry-joint-dev-v1
olmo3-base__olmo31-instruct,geometry,selected_id_jaccard_q50_q50_layers,pair,assay_layers_3,0.3333333333333333,development,ol-geometry-joint-dev-v1
olmo3-base__olmo31-instruct,geometry,projector_overlap_q50_q50_layers,pair,assay_layers_3,0.26534298062324524,development,ol-geometry-joint-dev-v1
olmo3-base__olmo31-instruct,geometry,persistent_direction_jaccard_q50_layers,pair,assay_layers_3,0.46153846153846156,development,ol-geometry-joint-dev-v1
olmo3-base__olmo31-think,geometry,raw_matrix_cosine_q50_layers,pair,lens_layers_21,0.9548158645629883,development,ol-geometry-joint-dev-v1
olmo3-base__olmo31-think,geometry,mapped_token_cosine_q50_q50_layers,pair,lens_layers_21,0.6575028300285339,development,ol-geometry-joint-dev-v1
olmo3-base__olmo31-think,geometry,mapped_token_centered_linear_cka_q50_layers,pair,lens_layers_21,0.8814612030982971,development,ol-geometry-joint-dev-v1
olmo3-base__olmo31-think,geometry,selected_id_jaccard_q50_q50_layers,pair,assay_layers_3,0.3333333333333333,development,ol-geometry-joint-dev-v1
olmo3-base__olmo31-think,geometry,projector_overlap_q50_q50_layers,pair,assay_layers_3,0.32216784358024597,development,ol-geometry-joint-dev-v1
olmo3-base__olmo31-think,geometry,persistent_direction_jaccard_q50_layers,pair,assay_layers_3,0.5384615384615384,development,ol-geometry-joint-dev-v1
olmo3-think__olmo31-instruct,geometry,raw_matrix_cosine_q50_layers,pair,lens_layers_21,0.9913597702980042,development,ol-geometry-joint-dev-v1
olmo3-think__olmo31-instruct,geometry,mapped_token_cosine_q50_q50_layers,pair,lens_layers_21,0.9392568469047546,development,ol-geometry-joint-dev-v1
olmo3-think__olmo31-instruct,geometry,mapped_token_centered_linear_cka_q50_layers,pair,lens_layers_21,0.9952736496925354,development,ol-geometry-joint-dev-v1
olmo3-think__olmo31-instruct,geometry,selected_id_jaccard_q50_q50_layers,pair,assay_layers_3,0.5,development,ol-geometry-joint-dev-v1
olmo3-think__olmo31-instruct,geometry,projector_overlap_q50_q50_layers,pair,assay_layers_3,0.8873708844184875,development,ol-geometry-joint-dev-v1
olmo3-think__olmo31-instruct,geometry,persistent_direction_jaccard_q50_layers,pair,assay_layers_3,0.6666666666666666,development,ol-geometry-joint-dev-v1
olmo3-think__olmo31-think,geometry,raw_matrix_cosine_q50_layers,pair,lens_layers_21,0.9981722235679626,development,ol-geometry-joint-dev-v1
olmo3-think__olmo31-think,geometry,mapped_token_cosine_q50_q50_layers,pair,lens_layers_21,0.9939588308334351,development,ol-geometry-joint-dev-v1
olmo3-think__olmo31-think,geometry,mapped_token_centered_linear_cka_q50_layers,pair,lens_layers_21,0.9989283680915833,development,ol-geometry-joint-dev-v1
olmo3-think__olmo31-think,geometry,selected_id_jaccard_q50_q50_layers,pair,assay_layers_3,1.0,development,ol-geometry-joint-dev-v1
olmo3-think__olmo31-think,geometry,projector_overlap_q50_q50_layers,pair,assay_layers_3,0.989495575428009,development,ol-geometry-joint-dev-v1
olmo3-think__olmo31-think,geometry,persistent_direction_jaccard_q50_layers,pair,assay_layers_3,0.875,development,ol-geometry-joint-dev-v1
olmo31-think__olmo31-instruct,geometry,raw_matrix_cosine_q50_layers,pair,lens_layers_21,0.9901770949363708,development,ol-geometry-joint-dev-v1
olmo31-think__olmo31-instruct,geometry,mapped_token_cosine_q50_q50_layers,pair,lens_layers_21,0.9362837374210358,development,ol-geometry-joint-dev-v1
olmo31-think__olmo31-instruct,geometry,mapped_token_centered_linear_cka_q50_layers,pair,lens_layers_21,0.9948354363441467,development,ol-geometry-joint-dev-v1
olmo31-think__olmo31-instruct,geometry,selected_id_jaccard_q50_q50_layers,pair,assay_layers_3,0.5,development,ol-geometry-joint-dev-v1
olmo31-think__olmo31-instruct,geometry,projector_overlap_q50_q50_layers,pair,assay_layers_3,0.8713951706886292,development,ol-geometry-joint-dev-v1
olmo31-think__olmo31-instruct,geometry,persistent_direction_jaccard_q50_layers,pair,assay_layers_3,0.6153846153846154,development,ol-geometry-joint-dev-v1
olmo3-base__olmo3-think,geometry,readout_effective_row_cosine_q50,pair,stable_vocab_1024,0.9850966334342957,development,ol-geometry-joint-dev-v1
olmo3-base__olmo31-think,geometry,readout_effective_row_cosine_q50,pair,stable_vocab_1024,0.9850941896438599,development,ol-geometry-joint-dev-v1
olmo3-base__olmo31-instruct,geometry,readout_effective_row_cosine_q50,pair,stable_vocab_1024,0.9835058152675629,development,ol-geometry-joint-dev-v1
olmo3-think__olmo31-think,geometry,readout_effective_row_cosine_q50,pair,stable_vocab_1024,0.999993234872818,development,ol-geometry-joint-dev-v1
olmo3-think__olmo31-instruct,geometry,readout_effective_row_cosine_q50,pair,stable_vocab_1024,0.9984362125396729,development,ol-geometry-joint-dev-v1
olmo31-think__olmo31-instruct,geometry,readout_effective_row_cosine_q50,pair,stable_vocab_1024,0.9984267354011536,development,ol-geometry-joint-dev-v1
lineage,geometry,router_verdict,pair,all_pairs,dictionary-formation-pattern,development,ol-geometry-joint-dev-v1
olmo3-think,geometry_frame_agreement,item_pearson,own_vs_base_common,paired_items_252,0.7556893409419357,development,p4-lens-frame-analysis-olmo3-think-dev-v2
olmo3-think,geometry_frame_agreement,family_pearson,own_vs_base_common,families_72,0.7254095959084376,development,p4-lens-frame-analysis-olmo3-think-dev-v2
olmo31-think,geometry_frame_agreement,item_pearson,own_vs_base_common,paired_items_244,0.7679001643973333,development,p4-lens-frame-analysis-olmo31-think-dev-v1
olmo31-think,geometry_frame_agreement,family_pearson,own_vs_base_common,families_70,0.8386346372574044,development,p4-lens-frame-analysis-olmo31-think-dev-v1
olmo31-instruct,geometry_frame_agreement,item_pearson,own_vs_base_common,paired_items_236,0.7523190062055001,development,p4-lens-frame-analysis-olmo31-instruct-dev-v1
olmo31-instruct,geometry_frame_agreement,family_pearson,own_vs_base_common,families_72,0.852085476631797,development,p4-lens-frame-analysis-olmo31-instruct-dev-v1
olmo3-base,causal_trajectory,bank_S_direct_specific,own,all_four_common_cohort_equal_family,0.01071691391441752,development,p4-lineage-common-cohort-analysis-olmo-dev-v1
olmo3-base,causal_trajectory,bank_S_direct_specific_ci95_low,own,all_four_common_cohort_equal_family,-0.02588310085565728,development,p4-lineage-common-cohort-analysis-olmo-dev-v1
olmo3-base,causal_trajectory,bank_S_direct_specific_ci95_high,own,all_four_common_cohort_equal_family,0.05251345953849309,development,p4-lineage-common-cohort-analysis-olmo-dev-v1
olmo3-base,causal_trajectory,bank_F_direct_specific,own,all_four_common_cohort_equal_family,0.05806745817827316,development,p4-lineage-common-cohort-analysis-olmo-dev-v1
olmo3-base,causal_trajectory,bank_S_composed_specific,own,all_four_common_cohort_equal_family,0.009769625512554366,development,p4-lineage-common-cohort-analysis-olmo-dev-v1
olmo3-base,causal_trajectory,bank_S_composed_specific_ci95_low,own,all_four_common_cohort_equal_family,-0.012073425229857946,development,p4-lineage-common-cohort-analysis-olmo-dev-v1
olmo3-base,causal_trajectory,bank_S_composed_specific_ci95_high,own,all_four_common_cohort_equal_family,0.040223670928355486,development,p4-lineage-common-cohort-analysis-olmo-dev-v1
olmo3-base,causal_trajectory,bank_F_composed_specific,own,all_four_common_cohort_equal_family,0.11154101592417501,development,p4-lineage-common-cohort-analysis-olmo-dev-v1
olmo3-base,causal_trajectory,bank_S_composition_specific,own,all_four_common_cohort_equal_family,-0.0009472884018631551,development,p4-lineage-common-cohort-analysis-olmo-dev-v1
olmo3-base,causal_trajectory,bank_S_composition_specific_ci95_low,own,all_four_common_cohort_equal_family,-0.037026932850370516,development,p4-lineage-common-cohort-analysis-olmo-dev-v1
olmo3-base,causal_trajectory,bank_S_composition_specific_ci95_high,own,all_four_common_cohort_equal_family,0.030347370025427887,development,p4-lineage-common-cohort-analysis-olmo-dev-v1
olmo3-base,causal_trajectory,bank_F_composition_specific,own,all_four_common_cohort_equal_family,0.053473557745901845,development,p4-lineage-common-cohort-analysis-olmo-dev-v1
olmo3-base,causal_trajectory,bank_S_direct_specific,common,all_four_common_cohort_equal_family,0.01071691391441752,development,p4-lineage-common-cohort-analysis-olmo-dev-v1
olmo3-base,causal_trajectory,bank_S_direct_specific_ci95_low,common,all_four_common_cohort_equal_family,-0.025830430687295597,development,p4-lineage-common-cohort-analysis-olmo-dev-v1
olmo3-base,causal_trajectory,bank_S_direct_specific_ci95_high,common,all_four_common_cohort_equal_family,0.05283574018572619,development,p4-lineage-common-cohort-analysis-olmo-dev-v1
olmo3-base,causal_trajectory,bank_F_direct_specific,common,all_four_common_cohort_equal_family,0.05806745817827316,development,p4-lineage-common-cohort-analysis-olmo-dev-v1
olmo3-base,causal_trajectory,bank_S_composed_specific,common,all_four_common_cohort_equal_family,0.009769625512554366,development,p4-lineage-common-cohort-analysis-olmo-dev-v1
olmo3-base,causal_trajectory,bank_S_composed_specific_ci95_low,common,all_four_common_cohort_equal_family,-0.012088645783198229,development,p4-lineage-common-cohort-analysis-olmo-dev-v1
olmo3-base,causal_trajectory,bank_S_composed_specific_ci95_high,common,all_four_common_cohort_equal_family,0.0398297481000533,development,p4-lineage-common-cohort-analysis-olmo-dev-v1
olmo3-base,causal_trajectory,bank_F_composed_specific,common,all_four_common_cohort_equal_family,0.11154101592417501,development,p4-lineage-common-cohort-analysis-olmo-dev-v1
olmo3-base,causal_trajectory,bank_S_composition_specific,common,all_four_common_cohort_equal_family,-0.0009472884018631551,development,p4-lineage-common-cohort-analysis-olmo-dev-v1
olmo3-base,causal_trajectory,bank_S_composition_specific_ci95_low,common,all_four_common_cohort_equal_family,-0.0368320328106775,development,p4-lineage-common-cohort-analysis-olmo-dev-v1
olmo3-base,causal_trajectory,bank_S_composition_specific_ci95_high,common,all_four_common_cohort_equal_family,0.030353803831316944,development,p4-lineage-common-cohort-analysis-olmo-dev-v1
olmo3-base,causal_trajectory,bank_F_composition_specific,common,all_four_common_cohort_equal_family,0.053473557745901845,development,p4-lineage-common-cohort-analysis-olmo-dev-v1
olmo3-think,causal_trajectory,bank_S_direct_specific,own,all_four_common_cohort_equal_family,-0.12871328626608694,development,p4-lineage-common-cohort-analysis-olmo-dev-v1
olmo3-think,causal_trajectory,bank_S_direct_specific_ci95_low,own,all_four_common_cohort_equal_family,-0.23350096870378095,development,p4-lineage-common-cohort-analysis-olmo-dev-v1
olmo3-think,causal_trajectory,bank_S_direct_specific_ci95_high,own,all_four_common_cohort_equal_family,-0.04117367891534849,development,p4-lineage-common-cohort-analysis-olmo-dev-v1
olmo3-think,causal_trajectory,bank_F_direct_specific,own,all_four_common_cohort_equal_family,0.15038903781699495,development,p4-lineage-common-cohort-analysis-olmo-dev-v1
olmo3-think,causal_trajectory,bank_S_composed_specific,own,all_four_common_cohort_equal_family,-0.030846472060554384,development,p4-lineage-common-cohort-analysis-olmo-dev-v1
olmo3-think,causal_trajectory,bank_S_composed_specific_ci95_low,own,all_four_common_cohort_equal_family,-0.07441725935978706,development,p4-lineage-common-cohort-analysis-olmo-dev-v1
olmo3-think,causal_trajectory,bank_S_composed_specific_ci95_high,own,all_four_common_cohort_equal_family,0.0011731128897415068,development,p4-lineage-common-cohort-analysis-olmo-dev-v1
olmo3-think,causal_trajectory,bank_F_composed_specific,own,all_four_common_cohort_equal_family,0.04437311425466139,development,p4-lineage-common-cohort-analysis-olmo-dev-v1
olmo3-think,causal_trajectory,bank_S_composition_specific,own,all_four_common_cohort_equal_family,0.09786681420553257,development,p4-lineage-common-cohort-analysis-olmo-dev-v1
olmo3-think,causal_trajectory,bank_S_composition_specific_ci95_low,own,all_four_common_cohort_equal_family,-0.00010585371295319068,development,p4-lineage-common-cohort-analysis-olmo-dev-v1
olmo3-think,causal_trajectory,bank_S_composition_specific_ci95_high,own,all_four_common_cohort_equal_family,0.21159018304993346,development,p4-lineage-common-cohort-analysis-olmo-dev-v1
olmo3-think,causal_trajectory,bank_F_composition_specific,own,all_four_common_cohort_equal_family,-0.10601592356233355,development,p4-lineage-common-cohort-analysis-olmo-dev-v1
olmo3-think,causal_trajectory,bank_S_direct_specific,common,all_four_common_cohort_equal_family,-0.12790614377967466,development,p4-lineage-common-cohort-analysis-olmo-dev-v1
olmo3-think,causal_trajectory,bank_S_direct_specific_ci95_low,common,all_four_common_cohort_equal_family,-0.20937463406408344,development,p4-lineage-common-cohort-analysis-olmo-dev-v1
olmo3-think,causal_trajectory,bank_S_direct_specific_ci95_high,common,all_four_common_cohort_equal_family,-0.05730155117412592,development,p4-lineage-common-cohort-analysis-olmo-dev-v1
olmo3-think,causal_trajectory,bank_F_direct_specific,common,all_four_common_cohort_equal_family,0.07430918443621179,development,p4-lineage-common-cohort-analysis-olmo-dev-v1
olmo3-think,causal_trajectory,bank_S_composed_specific,common,all_four_common_cohort_equal_family,-0.017357913586174084,development,p4-lineage-common-cohort-analysis-olmo-dev-v1
olmo3-think,causal_trajectory,bank_S_composed_specific_ci95_low,common,all_four_common_cohort_equal_family,-0.0383089226640261,development,p4-lineage-common-cohort-analysis-olmo-dev-v1
olmo3-think,causal_trajectory,bank_S_composed_specific_ci95_high,common,all_four_common_cohort_equal_family,0.003746924310347365,development,p4-lineage-common-cohort-analysis-olmo-dev-v1
olmo3-think,causal_trajectory,bank_F_composed_specific,common,all_four_common_cohort_equal_family,-0.012980562700275054,development,p4-lineage-common-cohort-analysis-olmo-dev-v1
olmo3-think,causal_trajectory,bank_S_composition_specific,common,all_four_common_cohort_equal_family,0.11054823019350057,development,p4-lineage-common-cohort-analysis-olmo-dev-v1
olmo3-think,causal_trajectory,bank_S_composition_specific_ci95_low,common,all_four_common_cohort_equal_family,0.030494115706635908,development,p4-lineage-common-cohort-analysis-olmo-dev-v1
olmo3-think,causal_trajectory,bank_S_composition_specific_ci95_high,common,all_four_common_cohort_equal_family,0.2036963502570357,development,p4-lineage-common-cohort-analysis-olmo-dev-v1
olmo3-think,causal_trajectory,bank_F_composition_specific,common,all_four_common_cohort_equal_family,-0.08728974713648685,development,p4-lineage-common-cohort-analysis-olmo-dev-v1
olmo31-think,causal_trajectory,bank_S_direct_specific,own,all_four_common_cohort_equal_family,-0.13643363485598992,development,p4-lineage-common-cohort-analysis-olmo-dev-v1
olmo31-think,causal_trajectory,bank_S_direct_specific_ci95_low,own,all_four_common_cohort_equal_family,-0.22705592005187472,development,p4-lineage-common-cohort-analysis-olmo-dev-v1
olmo31-think,causal_trajectory,bank_S_direct_specific_ci95_high,own,all_four_common_cohort_equal_family,-0.05380350591590019,development,p4-lineage-common-cohort-analysis-olmo-dev-v1
olmo31-think,causal_trajectory,bank_F_direct_specific,own,all_four_common_cohort_equal_family,0.1288281839880443,development,p4-lineage-common-cohort-analysis-olmo-dev-v1
olmo31-think,causal_trajectory,bank_S_composed_specific,own,all_four_common_cohort_equal_family,-0.020461078872219388,development,p4-lineage-common-cohort-analysis-olmo-dev-v1
olmo31-think,causal_trajectory,bank_S_composed_specific_ci95_low,own,all_four_common_cohort_equal_family,-0.04266975716230637,development,p4-lineage-common-cohort-analysis-olmo-dev-v1
olmo31-think,causal_trajectory,bank_S_composed_specific_ci95_high,own,all_four_common_cohort_equal_family,-0.0015101102944155326,development,p4-lineage-common-cohort-analysis-olmo-dev-v1
olmo31-think,causal_trajectory,bank_F_composed_specific,own,all_four_common_cohort_equal_family,-0.035417738077960816,development,p4-lineage-common-cohort-analysis-olmo-dev-v1
olmo31-think,causal_trajectory,bank_S_composition_specific,own,all_four_common_cohort_equal_family,0.11597255598377053,development,p4-lineage-common-cohort-analysis-olmo-dev-v1
olmo31-think,causal_trajectory,bank_S_composition_specific_ci95_low,own,all_four_common_cohort_equal_family,0.04574603159661124,development,p4-lineage-common-cohort-analysis-olmo-dev-v1
olmo31-think,causal_trajectory,bank_S_composition_specific_ci95_high,own,all_four_common_cohort_equal_family,0.19198945896765937,development,p4-lineage-common-cohort-analysis-olmo-dev-v1
olmo31-think,causal_trajectory,bank_F_composition_specific,own,all_four_common_cohort_equal_family,-0.16424592206600513,development,p4-lineage-common-cohort-analysis-olmo-dev-v1
olmo31-think,causal_trajectory,bank_S_direct_specific,common,all_four_common_cohort_equal_family,-0.15473195787669874,development,p4-lineage-common-cohort-analysis-olmo-dev-v1
olmo31-think,causal_trajectory,bank_S_direct_specific_ci95_low,common,all_four_common_cohort_equal_family,-0.2476197851501467,development,p4-lineage-common-cohort-analysis-olmo-dev-v1
olmo31-think,causal_trajectory,bank_S_direct_specific_ci95_high,common,all_four_common_cohort_equal_family,-0.07634227470027437,development,p4-lineage-common-cohort-analysis-olmo-dev-v1
olmo31-think,causal_trajectory,bank_F_direct_specific,common,all_four_common_cohort_equal_family,0.03818563340284642,development,p4-lineage-common-cohort-analysis-olmo-dev-v1
olmo31-think,causal_trajectory,bank_S_composed_specific,common,all_four_common_cohort_equal_family,0.0154165097649264,development,p4-lineage-common-cohort-analysis-olmo-dev-v1
olmo31-think,causal_trajectory,bank_S_composed_specific_ci95_low,common,all_four_common_cohort_equal_family,-0.032505135242347875,development,p4-lineage-common-cohort-analysis-olmo-dev-v1
olmo31-think,causal_trajectory,bank_S_composed_specific_ci95_high,common,all_four_common_cohort_equal_family,0.08678490686346768,development,p4-lineage-common-cohort-analysis-olmo-dev-v1
olmo31-think,causal_trajectory,bank_F_composed_specific,common,all_four_common_cohort_equal_family,-0.08074245450027434,development,p4-lineage-common-cohort-analysis-olmo-dev-v1
olmo31-think,causal_trajectory,bank_S_composition_specific,common,all_four_common_cohort_equal_family,0.17014846764162514,development,p4-lineage-common-cohort-analysis-olmo-dev-v1
olmo31-think,causal_trajectory,bank_S_composition_specific_ci95_low,common,all_four_common_cohort_equal_family,0.09186829862359444,development,p4-lineage-common-cohort-analysis-olmo-dev-v1
olmo31-think,causal_trajectory,bank_S_composition_specific_ci95_high,common,all_four_common_cohort_equal_family,0.2610343150468542,development,p4-lineage-common-cohort-analysis-olmo-dev-v1
olmo31-think,causal_trajectory,bank_F_composition_specific,common,all_four_common_cohort_equal_family,-0.11892808790312076,development,p4-lineage-common-cohort-analysis-olmo-dev-v1
olmo31-instruct,causal_trajectory,bank_S_direct_specific,own,all_four_common_cohort_equal_family,-0.015453619138433546,development,p4-lineage-common-cohort-analysis-olmo-dev-v1
olmo31-instruct,causal_trajectory,bank_S_direct_specific_ci95_low,own,all_four_common_cohort_equal_family,-0.05777143712923349,development,p4-lineage-common-cohort-analysis-olmo-dev-v1
olmo31-instruct,causal_trajectory,bank_S_direct_specific_ci95_high,own,all_four_common_cohort_equal_family,0.025449964047772538,development,p4-lineage-common-cohort-analysis-olmo-dev-v1
olmo31-instruct,causal_trajectory,bank_F_direct_specific,own,all_four_common_cohort_equal_family,0.08806311892239473,development,p4-lineage-common-cohort-analysis-olmo-dev-v1
olmo31-instruct,causal_trajectory,bank_S_composed_specific,own,all_four_common_cohort_equal_family,0.019031346864614853,development,p4-lineage-common-cohort-analysis-olmo-dev-v1
olmo31-instruct,causal_trajectory,bank_S_composed_specific_ci95_low,own,all_four_common_cohort_equal_family,-0.015705142446403284,development,p4-lineage-common-cohort-analysis-olmo-dev-v1
olmo31-instruct,causal_trajectory,bank_S_composed_specific_ci95_high,own,all_four_common_cohort_equal_family,0.06251062999962248,development,p4-lineage-common-cohort-analysis-olmo-dev-v1
olmo31-instruct,causal_trajectory,bank_F_composed_specific,own,all_four_common_cohort_equal_family,0.05054128157928822,development,p4-lineage-common-cohort-analysis-olmo-dev-v1
olmo31-instruct,causal_trajectory,bank_S_composition_specific,own,all_four_common_cohort_equal_family,0.0344849660030484,development,p4-lineage-common-cohort-analysis-olmo-dev-v1
olmo31-instruct,causal_trajectory,bank_S_composition_specific_ci95_low,own,all_four_common_cohort_equal_family,-0.005847213335937873,development,p4-lineage-common-cohort-analysis-olmo-dev-v1
olmo31-instruct,causal_trajectory,bank_S_composition_specific_ci95_high,own,all_four_common_cohort_equal_family,0.07559272717095582,development,p4-lineage-common-cohort-analysis-olmo-dev-v1
olmo31-instruct,causal_trajectory,bank_F_composition_specific,own,all_four_common_cohort_equal_family,-0.037521837343106504,development,p4-lineage-common-cohort-analysis-olmo-dev-v1
olmo31-instruct,causal_trajectory,bank_S_direct_specific,common,all_four_common_cohort_equal_family,-0.03137253713691333,development,p4-lineage-common-cohort-analysis-olmo-dev-v1
olmo31-instruct,causal_trajectory,bank_S_direct_specific_ci95_low,common,all_four_common_cohort_equal_family,-0.07089368141629486,development,p4-lineage-common-cohort-analysis-olmo-dev-v1
olmo31-instruct,causal_trajectory,bank_S_direct_specific_ci95_high,common,all_four_common_cohort_equal_family,0.006792656477473964,development,p4-lineage-common-cohort-analysis-olmo-dev-v1
olmo31-instruct,causal_trajectory,bank_F_direct_specific,common,all_four_common_cohort_equal_family,0.03698628956250244,development,p4-lineage-common-cohort-analysis-olmo-dev-v1
olmo31-instruct,causal_trajectory,bank_S_composed_specific,common,all_four_common_cohort_equal_family,0.01878568237126969,development,p4-lineage-common-cohort-analysis-olmo-dev-v1
olmo31-instruct,causal_trajectory,bank_S_composed_specific_ci95_low,common,all_four_common_cohort_equal_family,-0.04397110072289839,development,p4-lineage-common-cohort-analysis-olmo-dev-v1
olmo31-instruct,causal_trajectory,bank_S_composed_specific_ci95_high,common,all_four_common_cohort_equal_family,0.09457195480124722,development,p4-lineage-common-cohort-analysis-olmo-dev-v1
olmo31-instruct,causal_trajectory,bank_F_composed_specific,common,all_four_common_cohort_equal_family,0.07050441653567623,development,p4-lineage-common-cohort-analysis-olmo-dev-v1
olmo31-instruct,causal_trajectory,bank_S_composition_specific,common,all_four_common_cohort_equal_family,0.05015821950818302,development,p4-lineage-common-cohort-analysis-olmo-dev-v1
olmo31-instruct,causal_trajectory,bank_S_composition_specific_ci95_low,common,all_four_common_cohort_equal_family,-0.013233363957586014,development,p4-lineage-common-cohort-analysis-olmo-dev-v1
olmo31-instruct,causal_trajectory,bank_S_composition_specific_ci95_high,common,all_four_common_cohort_equal_family,0.11885645403051642,development,p4-lineage-common-cohort-analysis-olmo-dev-v1
olmo31-instruct,causal_trajectory,bank_F_composition_specific,common,all_four_common_cohort_equal_family,0.03351812697317378,development,p4-lineage-common-cohort-analysis-olmo-dev-v1
olmo3-base,causal_trajectory,bank_F_composed_specific,common,per_checkpoint_capability_cohort_equal_family,0.0145496589983669,development,p4-lineage-trajectory-analysis-olmo-dev-v1
olmo3-think,causal_trajectory,bank_F_composed_specific,common,per_checkpoint_capability_cohort_equal_family,-0.0164245906865139,development,p4-lineage-trajectory-analysis-olmo-dev-v1
olmo31-think,causal_trajectory,bank_F_composed_specific,common,per_checkpoint_capability_cohort_equal_family,-0.1314272563557224,development,p4-lineage-trajectory-analysis-olmo-dev-v1
olmo31-instruct,causal_trajectory,bank_F_composed_specific,common,per_checkpoint_capability_cohort_equal_family,0.0271461787987749,development,p4-lineage-trajectory-analysis-olmo-dev-v1
olmo3-base,causal_trajectory,bank_F_composed_specific,own,per_checkpoint_capability_cohort_equal_family,0.0145496589983669,development,p4-lineage-trajectory-analysis-olmo-dev-v1
olmo3-think,causal_trajectory,bank_F_composed_specific,own,per_checkpoint_capability_cohort_equal_family,0.0818205344109519,development,p4-lineage-trajectory-analysis-olmo-dev-v1
olmo31-think,causal_trajectory,bank_F_composed_specific,own,per_checkpoint_capability_cohort_equal_family,-0.0416019356550859,development,p4-lineage-trajectory-analysis-olmo-dev-v1
olmo31-instruct,causal_trajectory,bank_F_composed_specific,own,per_checkpoint_capability_cohort_equal_family,-0.066215541215694,development,p4-lineage-trajectory-analysis-olmo-dev-v1
olmo3-base,causal_trajectory,bank_F_composed_minus_direct_specific,common,per_checkpoint_capability_cohort_equal_family,-0.0099812592489994,development,p4-lineage-trajectory-analysis-olmo-dev-v1
olmo3-think,causal_trajectory,bank_F_composed_minus_direct_specific,common,per_checkpoint_capability_cohort_equal_family,-0.017465579582566,development,p4-lineage-trajectory-analysis-olmo-dev-v1
olmo31-think,causal_trajectory,bank_F_composed_minus_direct_specific,common,per_checkpoint_capability_cohort_equal_family,-0.0557087925405914,development,p4-lineage-trajectory-analysis-olmo-dev-v1
olmo31-instruct,causal_trajectory,bank_F_composed_minus_direct_specific,common,per_checkpoint_capability_cohort_equal_family,0.0382156237344657,development,p4-lineage-trajectory-analysis-olmo-dev-v1
olmo3-base,causal_trajectory,bank_F_composed_minus_direct_specific,own,per_checkpoint_capability_cohort_equal_family,-0.0099812592489994,development,p4-lineage-trajectory-analysis-olmo-dev-v1
olmo3-think,causal_trajectory,bank_F_composed_minus_direct_specific,own,per_checkpoint_capability_cohort_equal_family,0.0244316659488878,development,p4-lineage-trajectory-analysis-olmo-dev-v1
olmo31-think,causal_trajectory,bank_F_composed_minus_direct_specific,own,per_checkpoint_capability_cohort_equal_family,-0.0348963248038982,development,p4-lineage-trajectory-analysis-olmo-dev-v1
olmo31-instruct,causal_trajectory,bank_F_composed_minus_direct_specific,own,per_checkpoint_capability_cohort_equal_family,-0.1093743948225792,development,p4-lineage-trajectory-analysis-olmo-dev-v1
olmo3-base,causal_trajectory,bank_F_direct_specific,common,per_checkpoint_capability_cohort_equal_family,0.0245309182473663,development,p4-lineage-trajectory-analysis-olmo-dev-v1
olmo3-think,causal_trajectory,bank_F_direct_specific,common,per_checkpoint_capability_cohort_equal_family,0.0010409888960521,development,p4-lineage-trajectory-analysis-olmo-dev-v1
olmo31-think,causal_trajectory,bank_F_direct_specific,common,per_checkpoint_capability_cohort_equal_family,-0.075718463815131,development,p4-lineage-trajectory-analysis-olmo-dev-v1
olmo31-instruct,causal_trajectory,bank_F_direct_specific,common,per_checkpoint_capability_cohort_equal_family,-0.0110694449356907,development,p4-lineage-trajectory-analysis-olmo-dev-v1
olmo3-base,causal_trajectory,bank_F_direct_specific,own,per_checkpoint_capability_cohort_equal_family,0.0245309182473663,development,p4-lineage-trajectory-analysis-olmo-dev-v1
olmo3-think,causal_trajectory,bank_F_direct_specific,own,per_checkpoint_capability_cohort_equal_family,0.0573888684620641,development,p4-lineage-trajectory-analysis-olmo-dev-v1
olmo31-think,causal_trajectory,bank_F_direct_specific,own,per_checkpoint_capability_cohort_equal_family,-0.0067056108511877,development,p4-lineage-trajectory-analysis-olmo-dev-v1
olmo31-instruct,causal_trajectory,bank_F_direct_specific,own,per_checkpoint_capability_cohort_equal_family,0.0431588536068852,development,p4-lineage-trajectory-analysis-olmo-dev-v1
olmo3-base,causal_trajectory,bank_S_composed_specific,common,per_checkpoint_capability_cohort_equal_family,0.0020703588213239,development,p4-lineage-trajectory-analysis-olmo-dev-v1
olmo3-think,causal_trajectory,bank_S_composed_specific,common,per_checkpoint_capability_cohort_equal_family,-0.0418769939322142,development,p4-lineage-trajectory-analysis-olmo-dev-v1
olmo31-think,causal_trajectory,bank_S_composed_specific,common,per_checkpoint_capability_cohort_equal_family,-0.0380962636150223,development,p4-lineage-trajectory-analysis-olmo-dev-v1
olmo31-instruct,causal_trajectory,bank_S_composed_specific,common,per_checkpoint_capability_cohort_equal_family,-0.0045458514413367,development,p4-lineage-trajectory-analysis-olmo-dev-v1
olmo3-base,causal_trajectory,bank_S_composed_specific,own,per_checkpoint_capability_cohort_equal_family,0.0020703588213239,development,p4-lineage-trajectory-analysis-olmo-dev-v1
olmo3-think,causal_trajectory,bank_S_composed_specific,own,per_checkpoint_capability_cohort_equal_family,-0.0552928567827043,development,p4-lineage-trajectory-analysis-olmo-dev-v1
olmo31-think,causal_trajectory,bank_S_composed_specific,own,per_checkpoint_capability_cohort_equal_family,-0.0490990996319931,development,p4-lineage-trajectory-analysis-olmo-dev-v1
olmo31-instruct,causal_trajectory,bank_S_composed_specific,own,per_checkpoint_capability_cohort_equal_family,-0.017672245377039,development,p4-lineage-trajectory-analysis-olmo-dev-v1
olmo3-base,causal_trajectory,bank_S_composed_minus_direct_specific,common,per_checkpoint_capability_cohort_equal_family,0.0015722666113149,development,p4-lineage-trajectory-analysis-olmo-dev-v1
olmo3-think,causal_trajectory,bank_S_composed_minus_direct_specific,common,per_checkpoint_capability_cohort_equal_family,0.0555546148754064,development,p4-lineage-trajectory-analysis-olmo-dev-v1
olmo31-think,causal_trajectory,bank_S_composed_minus_direct_specific,common,per_checkpoint_capability_cohort_equal_family,0.1166060623157312,development,p4-lineage-trajectory-analysis-olmo-dev-v1
olmo31-instruct,causal_trajectory,bank_S_composed_minus_direct_specific,common,per_checkpoint_capability_cohort_equal_family,0.0333437674883974,development,p4-lineage-trajectory-analysis-olmo-dev-v1
olmo3-base,causal_trajectory,bank_S_composed_minus_direct_specific,own,per_checkpoint_capability_cohort_equal_family,0.0015722666113149,development,p4-lineage-trajectory-analysis-olmo-dev-v1
olmo3-think,causal_trajectory,bank_S_composed_minus_direct_specific,own,per_checkpoint_capability_cohort_equal_family,0.0724239224553226,development,p4-lineage-trajectory-analysis-olmo-dev-v1
olmo31-think,causal_trajectory,bank_S_composed_minus_direct_specific,own,per_checkpoint_capability_cohort_equal_family,0.1182755668202349,development,p4-lineage-trajectory-analysis-olmo-dev-v1
olmo31-instruct,causal_trajectory,bank_S_composed_minus_direct_specific,own,per_checkpoint_capability_cohort_equal_family,0.0047469240459909,development,p4-lineage-trajectory-analysis-olmo-dev-v1
olmo3-base,causal_trajectory,bank_S_direct_specific,common,per_checkpoint_capability_cohort_equal_family,0.0004980922100089,development,p4-lineage-trajectory-analysis-olmo-dev-v1
olmo3-think,causal_trajectory,bank_S_direct_specific,common,per_checkpoint_capability_cohort_equal_family,-0.0974316088076207,development,p4-lineage-trajectory-analysis-olmo-dev-v1
olmo31-think,causal_trajectory,bank_S_direct_specific,common,per_checkpoint_capability_cohort_equal_family,-0.1547023259307535,development,p4-lineage-trajectory-analysis-olmo-dev-v1
olmo31-instruct,causal_trajectory,bank_S_direct_specific,common,per_checkpoint_capability_cohort_equal_family,-0.0378896189297342,development,p4-lineage-trajectory-analysis-olmo-dev-v1
olmo3-base,causal_trajectory,bank_S_direct_specific,own,per_checkpoint_capability_cohort_equal_family,0.0004980922100089,development,p4-lineage-trajectory-analysis-olmo-dev-v1
olmo3-think,causal_trajectory,bank_S_direct_specific,own,per_checkpoint_capability_cohort_equal_family,-0.127716779238027,development,p4-lineage-trajectory-analysis-olmo-dev-v1
olmo31-think,causal_trajectory,bank_S_direct_specific,own,per_checkpoint_capability_cohort_equal_family,-0.1673746664522281,development,p4-lineage-trajectory-analysis-olmo-dev-v1
olmo31-instruct,causal_trajectory,bank_S_direct_specific,own,per_checkpoint_capability_cohort_equal_family,-0.0224191694230299,development,p4-lineage-trajectory-analysis-olmo-dev-v1
olmo3-think-sft,stage_wedge,capable_rate,generation,battery_972,0.006172839506172839,development,ol2-stage-wedge-think-sft-tier1-v1
olmo3-think-sft,stage_wedge,bank_s_capable_rate,generation,battery_972,0.008333333333333333,development,ol2-stage-wedge-think-sft-tier1-v1
olmo3-think-sft,stage_wedge,bank_s_direct_composed_capable_facts,generation,battery_972,0,development,ol2-stage-wedge-think-sft-tier1-v1
olmo3-think-sft,stage_wedge,bank_s_intervention_effect,own,stage_cohort,capability_gated_missing,development,ol2-stage-wedge-think-sft-tier1-v1
olmo3-think-dpo,stage_wedge,capable_rate,generation,battery_972,0.0030864197530864196,development,ol2-stage-wedge-think-dpo-tier1-v1
olmo3-think-dpo,stage_wedge,bank_s_capable_rate,generation,battery_972,0.002777777777777778,development,ol2-stage-wedge-think-dpo-tier1-v1
olmo3-think-dpo,stage_wedge,bank_s_direct_composed_capable_facts,generation,battery_972,0,development,ol2-stage-wedge-think-dpo-tier1-v1
olmo3-think-dpo,stage_wedge,bank_s_intervention_effect,own,stage_cohort,capability_gated_missing,development,ol2-stage-wedge-think-dpo-tier1-v1
think_sft__think_dpo,stage_wedge,transition_incapable_both,generation,battery_972_paired,965,development,ol2-stage-wedge-joint-analysis-v1
think_sft__think_dpo,stage_wedge,transition_capable_both,generation,battery_972_paired,2,development,ol2-stage-wedge-joint-analysis-v1
think_sft__think_dpo,stage_wedge,transition_lost_at_dpo,generation,battery_972_paired,4,development,ol2-stage-wedge-joint-analysis-v1
think_sft__think_dpo,stage_wedge,transition_onset_at_dpo,generation,battery_972_paired,1,development,ol2-stage-wedge-joint-analysis-v1
think_sft__think_dpo,stage_wedge,route,generation,battery_972_paired,null_or_unresolved,development,ol2-stage-wedge-joint-analysis-v1
think_sft__think_dpo,stage_wedge,stage_effect_contrasts,own,stage_cohort,capability_gated_missing,development,ol2-stage-wedge-joint-analysis-v1
olmo3-base,h6_transport,measurement_eligible,residual_stream,frozen_ladder_336rows,34,methods,ol2-transport-validation-base-v1
olmo3-base,h6_transport,decision_eligible,residual_stream,frozen_ladder_336rows,13,methods,ol2-transport-validation-base-v1
olmo3-base,h6_transport,passing_rows,residual_stream,frozen_ladder_336rows,9,methods,ol2-transport-validation-base-v1
olmo3-base,h6_transport,max_backend_tangent_relative_error,residual_stream,frozen_ladder_336rows,0.02216238880688507,methods,ol2-transport-validation-base-v1
olmo3-base,h6_transport,l56_eps0p10_passage_fraction,residual_stream,cell_12rows,0.75,methods,ol2-transport-validation-base-v1
olmo3-base,h6_transport,route,residual_stream,frozen_ladder_336rows,no_common_licensed_regime_measured,methods,ol2-transport-validation-base-v1
olmo3-base,h6_transport,common_assay_valid_epsilons,residual_stream,frozen_ladder_336rows,none_measured,methods,ol2-transport-validation-base-v1
olmo3-base,h6_transport,late_anchor_valid_epsilons,residual_stream,frozen_ladder_336rows,none_measured,methods,ol2-transport-validation-base-v1
olmo31-think,h6_transport,measurement_eligible,residual_stream,frozen_ladder_336rows,77,methods,ol2-transport-validation-olmo31-think-v1
olmo31-think,h6_transport,decision_eligible,residual_stream,frozen_ladder_336rows,37,methods,ol2-transport-validation-olmo31-think-v1
olmo31-think,h6_transport,passing_rows,residual_stream,frozen_ladder_336rows,12,methods,ol2-transport-validation-olmo31-think-v1
olmo31-think,h6_transport,max_backend_tangent_relative_error,residual_stream,frozen_ladder_336rows,0.025295454600777884,methods,ol2-transport-validation-olmo31-think-v1
olmo31-think,h6_transport,l56_eps0p10_passage_fraction,residual_stream,cell_12rows,1.0,methods,ol2-transport-validation-olmo31-think-v1
olmo31-think,h6_transport,route,residual_stream,frozen_ladder_336rows,late_only_regime_measured,methods,ol2-transport-validation-olmo31-think-v1
olmo31-think,h6_transport,common_assay_valid_epsilons,residual_stream,frozen_ladder_336rows,none_measured,methods,ol2-transport-validation-olmo31-think-v1
olmo31-think,h6_transport,late_anchor_valid_epsilons,residual_stream,frozen_ladder_336rows,[0.1],methods,ol2-transport-validation-olmo31-think-v1
joint,h6_transport,intrinsic_joint_route,residual_stream,both_checkpoints_672rows,h6_fail_in_band_with_checkpoint_specific_late_anchor,methods,ol2-transport-validation-joint-v1
joint,h6_transport,relevant_dose_route,residual_stream,registered_dose_tables,unresolved_missing_registered_site_dose_records,methods,ol2-transport-validation-joint-v1
joint,h6_transport,backend_relative_error_ceiling,residual_stream,imported_gemma_calibration,0.07870368901355948,methods,ol2-gemma-backend-calibration-import-v1
joint,h6_transport,intervention_distribution_coverage,residual_stream,registered_dose_tables,unresolved_missing_registered_site_dose_records,methods,ol2-transport-validation-joint-v1
olmo31-think__olmo31-instruct,bank_w_planning,n_shared_capable_families,pair,bank_w_24_families,16,methods,ol2-bank-w-olmo-pair-power-v1
olmo31-think__olmo31-instruct,bank_w_planning,power_at_shared_support,pair,sesoi_0.1585nat_sd0.23_t5,0.7788,methods,ol2-bank-w-olmo-pair-power-v1
olmo31-think__olmo31-instruct,bank_w_planning,minimum_families_for_power_target,pair,sesoi_0.1585nat_sd0.23_t5,18,methods,ol2-bank-w-olmo-pair-power-v1
olmo31-think__olmo31-instruct,bank_w_planning,power_target,pair,sesoi_0.1585nat_sd0.23_t5,0.8,methods,ol2-bank-w-olmo-pair-power-v1
olmo31-think__olmo31-instruct,bank_w_planning,route,pair,sesoi_0.1585nat_sd0.23_t5,not-powered-at-current-support,methods,ol2-bank-w-olmo-pair-power-v1
olmo31-think__olmo31-instruct,bank_w_planning,type_i_all_pass,pair,null_calibration_4_scenarios,True,methods,ol2-bank-w-olmo-pair-power-v1
olmo31-think__olmo31-instruct,bank_w_planning,sesoi_endpoint_nats,pair,load_2_to_6,0.15849625007211562,methods,ol2-bank-w-olmo-pair-power-v1
olmo31-think__olmo31-instruct,bank_w_planning,family_sd_nats,pair,registered_variance_ruler,0.23,methods,ol2-bank-w-olmo-pair-power-v1
olmo31-think,bank_w_capability,n_capable_families,generation,bank_w_24_families,17,development,ol-bank-w-capability-olmo31-think-dev-v1
olmo31-instruct,bank_w_capability,n_capable_families,generation,bank_w_24_families,17,development,ol-bank-w-capability-olmo31-instruct-dev-v1
qwen36-27b,bank_w_capability,n_capable_families,generation,bank_w_24_families,20,development,p4-bank-w-capability-qwen36-27b-dev-v1
joint_think_instruct_qwen,bank_w_capability,n_joint_common_capable_families,generation,bank_w_24_families,16,development,ol-bank-w-capability-joint-dev-v1
joint_think_instruct_qwen,bank_w_capability,minimum_joint_common_families,generation,bank_w_24_families,20,development,ol-bank-w-capability-joint-dev-v1
joint_think_instruct_qwen,bank_w_capability,bank_w_intervention,generation,bank_w_24_families,blocked_insufficient_common_support,development,ol-bank-w-capability-joint-dev-v1
